project_id,project_url,issue_iid,issue_id,title,state,created_at,updated_at,closed_at,labels,milestone_title,milestone_id,assignees,weight,time_estimate,total_time_spent,has_related_mrs,web_url
1148549,https://gitlab.com/gitlab-com/runbooks,200,188214105,Add recording rules and dashboard support for canonical UX SLI registry entries,opened,2026-04-13T07:39:02.789Z,2026-04-13T16:42:58.340Z,,automation:ml,,,,,0,0,,https://gitlab.com/gitlab-com/runbooks/-/work_items/200
1148549,https://gitlab.com/gitlab-com/runbooks,198,187363960,Guidelines on how to respond to Sidekiq alerts in Slack channel,closed,2026-03-31T18:12:16.857Z,2026-04-06T14:57:18.214Z,2026-04-06T14:57:18.203Z,automation:ml,,,,,0,0,,https://gitlab.com/gitlab-com/runbooks/-/work_items/198
1148549,https://gitlab.com/gitlab-com/runbooks,199,187475233,Create internal runbooks and test plans for registry prefer mode,closed,2026-04-01T13:58:54.936Z,2026-04-03T11:19:32.168Z,2026-04-03T11:15:07.004Z,"Category:Container Registry, devops::package, documentation, group::container registry, section::ci, type::maintenance",,,hswimelar,,0,0,,https://gitlab.com/gitlab-com/runbooks/-/work_items/199
1148549,https://gitlab.com/gitlab-com/runbooks,23,20620519,Monitoring does not seem to detect when a PostgreSQL replica crashes,closed,2019-03-18T21:23:36.822Z,2026-04-01T16:46:31.320Z,2019-05-17T05:05:40.047Z,Database,,,,,0,0,,https://gitlab.com/gitlab-com/runbooks/-/work_items/23
1148549,https://gitlab.com/gitlab-com/runbooks,195,184949082,Remove `code-gecko` GCP quota saturation monitoring from `gcp_quota_limit.libsonnet`,closed,2026-02-23T21:05:35.021Z,2026-03-06T17:43:21.716Z,2026-03-01T14:20:18.791Z,"ai-spring-cleaning, automation:ml, backend, devops::ai-powered, group::ai framework, maintenance::removal, section::ai, type::maintenance, workflow::in review",18.10,5975346.0,nateweinshenker,1.0,0,0,,https://gitlab.com/gitlab-com/runbooks/-/work_items/195
1148549,https://gitlab.com/gitlab-com/runbooks,196,184977288,Make log-based DWS dashboard permanent,closed,2026-02-24T08:17:13.315Z,2026-02-25T02:57:40.325Z,2026-02-25T02:57:40.318Z,"automation:ml, group::Observability, type::feature",,,,,0,0,,https://gitlab.com/gitlab-com/runbooks/-/work_items/196
1148549,https://gitlab.com/gitlab-com/runbooks,197,185033311,Code log-based DWS dashboard into Runbook repo,opened,2026-02-25T02:54:34.175Z,2026-02-25T02:57:02.091Z,,"automation:ml, devops::production_engineering, group::Observability, section::saas production engineering, type::feature",,,,,0,0,,https://gitlab.com/gitlab-com/runbooks/-/work_items/197
1148549,https://gitlab.com/gitlab-com/runbooks,194,182554746,Create Basic Dependency Health Dashboard (MVC),opened,2026-02-05T18:08:55.278Z,2026-02-05T19:02:40.144Z,,"Category:Dependency Management, automation:ml, backend, feature::addition, frontend, type::feature",,,,,0,0,,https://gitlab.com/gitlab-com/runbooks/-/work_items/194
1148549,https://gitlab.com/gitlab-com/runbooks,187,175835854,Add an alert which fires when zoekt nodes goes offline,closed,2025-10-24T10:50:04.337Z,2026-01-19T20:11:57.010Z,2026-01-19T20:08:13.420Z,"Deliverable, Service::Zoekt, devops::ai-powered, group::global search, section::ai, type::maintenance",18.9,5975345.0,rkumar555,,0,0,,https://gitlab.com/gitlab-com/runbooks/-/work_items/187
1148549,https://gitlab.com/gitlab-com/runbooks,193,181416123,Replace ZoektNodesOffline alert with a proper SLI,opened,2026-01-19T14:29:01.702Z,2026-01-19T14:29:32.469Z,,"Service::Zoekt, devops::ai-powered, group::global search, section::ai, type::maintenance",,,,,0,0,,https://gitlab.com/gitlab-com/runbooks/-/work_items/193
1148549,https://gitlab.com/gitlab-com/runbooks,189,178443405,mcp server is missing in the services catalog list,closed,2025-12-09T15:48:52.989Z,2026-01-15T06:26:07.411Z,2026-01-14T22:46:22.276Z,"Category:MCP Server, devops::ai-powered, group::ai framework, infradev, section::ai, severity::3, type::maintenance, workflow::ready for development",18.9,5975345.0,nateweinshenker,1.0,0,0,,https://gitlab.com/gitlab-com/runbooks/-/work_items/189
1148549,https://gitlab.com/gitlab-com/runbooks,191,179840954,Add a visualization to show the zoekt_repositories distributed by schema_version,closed,2026-01-07T13:06:17.164Z,2026-01-10T10:39:16.199Z,2026-01-09T10:36:21.055Z,"Service::Zoekt, devops::ai-powered, group::global search, section::ai, type::maintenance",18.8,5975344.0,rkumar555,,0,0,,https://gitlab.com/gitlab-com/runbooks/-/work_items/191
1148549,https://gitlab.com/gitlab-com/runbooks,190,179404207,Failed to test a dashboard under `customersdot` directory,closed,2025-12-29T11:14:02.384Z,2026-01-05T15:27:59.277Z,2026-01-05T15:27:54.586Z,"automation:ml, bug::functional, devops::fulfillment, group::fulfillment platform, section::fulfillment, type::bug",,,,,0,0,,https://gitlab.com/gitlab-com/runbooks/-/work_items/190
1148549,https://gitlab.com/gitlab-com/runbooks,184,173534285,Add Automatic Retry of a Failed Job,closed,2025-09-16T15:42:52.300Z,2025-12-10T13:12:33.152Z,2025-12-10T13:12:32.803Z,"automation:ml, backend, devops::verify, documentation, group::pipeline authoring, section::ci, type::feature",18.8,5975344.0,lauraXD,,0,0,,https://gitlab.com/gitlab-com/runbooks/-/work_items/184
1148549,https://gitlab.com/gitlab-com/runbooks,188,178421766,The automated release is failing 🚨,opened,2025-12-09T09:15:12.447Z,2025-12-09T09:15:12.447Z,,semantic-release,,,,,0,0,,https://gitlab.com/gitlab-com/runbooks/-/work_items/188
1148549,https://gitlab.com/gitlab-com/runbooks,134,132171128,Move off asdf and fully adopt mise,opened,2023-08-14T16:01:00.780Z,2025-12-01T02:38:10.856Z,,"automation:ml, maintenance::dependency, type::maintenance",,,andrewn,,0,0,,https://gitlab.com/gitlab-com/runbooks/-/work_items/134
1148549,https://gitlab.com/gitlab-com/runbooks,186,174252823,Comprehensive guide on adding a new service,opened,2025-10-02T07:51:21.870Z,2025-10-16T19:06:00.447Z,,"automation:ml, documentation, feature::addition, type::feature",,,,,0,0,,https://gitlab.com/gitlab-com/runbooks/-/work_items/186
1148549,https://gitlab.com/gitlab-com/runbooks,185,173981321,Add two new maintainers,closed,2025-09-26T00:39:17.488Z,2025-10-08T22:51:23.034Z,2025-10-08T22:51:23.021Z,,,,ktchernov,,0,0,,https://gitlab.com/gitlab-com/runbooks/-/work_items/185
1148549,https://gitlab.com/gitlab-com/runbooks,101,119970447,Container Registry: create webhook notifications component,closed,2022-12-06T22:10:25.135Z,2025-10-06T11:07:53.020Z,2025-10-06T11:07:52.762Z,"Deliverable, devops::package, group::container registry, section::ci, type::maintenance, workflow::in review",18.5,5975341.0,vespian_gl,1.0,0,0,,https://gitlab.com/gitlab-com/runbooks/-/work_items/101
1148549,https://gitlab.com/gitlab-com/runbooks,181,170999726,Process for retrieving and analyzing archived runner logs,opened,2025-07-23T14:43:02.453Z,2025-10-02T12:15:32.287Z,,"Category:Hosted Runners, devops::production_engineering, group::Runners Platform, section::production engineering",,,,,0,0,,https://gitlab.com/gitlab-com/runbooks/-/work_items/181
1148549,https://gitlab.com/gitlab-com/runbooks,107,122152351,Container Registry: create new alerts for the notification component,closed,2023-01-20T00:24:04.161Z,2025-09-29T11:35:39.344Z,2025-09-29T11:35:39.164Z,"Deliverable, devops::package, group::container registry, section::ci, type::maintenance, workflow::in review",18.5,5975341.0,vespian_gl,2.0,0,0,,https://gitlab.com/gitlab-com/runbooks/-/work_items/107
1148549,https://gitlab.com/gitlab-com/runbooks,166,152240094,"Follow-up from ""Add GitLab Duo runbook"": AI vendor limits",opened,2024-08-29T07:49:08.343Z,2025-08-22T16:26:33.410Z,,"devops::ai-powered, group::ai framework, section::ai, type::maintenance, workflow::ready for development",,,,,0,0,,https://gitlab.com/gitlab-com/runbooks/-/work_items/166
1148549,https://gitlab.com/gitlab-com/runbooks,169,157460282,[Corrective Action] Document provider failover strategy for Anthropic-on-Vertex to Anthropic.,opened,2024-11-18T10:19:36.831Z,2025-08-22T16:26:21.497Z,,"Category:Incident Management, devops::ai-powered, documentation, group::ai framework, section::ai, type::feature",,,,,0,0,,https://gitlab.com/gitlab-com/runbooks/-/work_items/169
1148549,https://gitlab.com/gitlab-com/runbooks,179,170293897,Move patroni-registry CPU saturation to separate alert,opened,2025-07-10T20:48:23.771Z,2025-08-20T16:13:04.707Z,,"devops::data_access, group::database frameworks, section::tenant scale, type::maintenance",,,,,0,0,,https://gitlab.com/gitlab-com/runbooks/-/work_items/179
1148549,https://gitlab.com/gitlab-com/runbooks,4,3649861,GitLab registry image for builds,closed,2016-12-02T09:01:40.932Z,2025-08-04T11:14:25.223Z,,,,,,,0,0,,https://gitlab.com/gitlab-com/runbooks/-/work_items/4
1148549,https://gitlab.com/gitlab-com/runbooks,3,3439100,Remove /alerts folder and merge it back into the rest of the runbooks,closed,2016-11-08T09:27:34.651Z,2025-08-04T11:14:25.130Z,,,,,,,0,0,,https://gitlab.com/gitlab-com/runbooks/-/work_items/3
1148549,https://gitlab.com/gitlab-com/runbooks,182,171277583,Relative links broken in runbooks.gitlab.com,closed,2025-07-29T21:58:08.957Z,2025-08-04T01:42:32.684Z,2025-07-31T15:27:22.380Z,,,,igorwwwwwwwwwwwwwwwwwwww,,0,0,,https://gitlab.com/gitlab-com/runbooks/-/work_items/182
1148549,https://gitlab.com/gitlab-com/runbooks,106,122152235,Improve notifications metrics dashboard,closed,2023-01-20T00:13:59.485Z,2025-07-30T16:14:01.911Z,2025-07-30T16:14:01.629Z,"Observability, devops::package, group::container registry, section::ci, type::maintenance",18.3,5975339.0,vespian_gl,2.0,0,0,,https://gitlab.com/gitlab-com/runbooks/-/work_items/106
1148549,https://gitlab.com/gitlab-com/runbooks,124,126310942,Fix notification events delivered stat panel,closed,2023-04-06T01:23:37.737Z,2025-07-30T16:11:53.148Z,2025-07-30T16:11:52.855Z,"devops::package, group::container registry, section::ci, type::maintenance",18.3,5975339.0,vespian_gl,1.0,0,0,,https://gitlab.com/gitlab-com/runbooks/-/work_items/124
1148549,https://gitlab.com/gitlab-com/runbooks,180,170901773,Extend NoMethodError watch for nil objects,opened,2021-12-02T00:30:32.367Z,2025-07-21T20:48:09.256Z,,"backend, maintenance::refactor, type::maintenance",,,,,0,0,,https://gitlab.com/gitlab-com/runbooks/-/work_items/180
1148549,https://gitlab.com/gitlab-com/runbooks,175,163619450,cccccbtglteckdcftgtitfrudgrfchcdtihggvugilhr,closed,2025-03-06T19:34:21.417Z,2025-07-10T20:54:31.687Z,2025-07-10T20:54:31.304Z,,,,,,0,0,,https://gitlab.com/gitlab-com/runbooks/-/work_items/175
1148549,https://gitlab.com/gitlab-com/runbooks,164,152176595,False positive workhorse apdex alerts,closed,2024-08-28T02:04:47.408Z,2025-07-08T22:09:04.319Z,2025-07-08T22:04:51.146Z,"devops::gitlab dedicated, group::environment automation",,,ktchernov,,0,0,,https://gitlab.com/gitlab-com/runbooks/-/work_items/164
1148549,https://gitlab.com/gitlab-com/runbooks,177,167117612,Adjust the Workhorse monitoring/alerts to exclude requests flagged with `fetched_external_url`,closed,2025-05-09T07:20:02.571Z,2025-06-19T10:32:41.004Z,2025-06-19T10:28:49.201Z,,,,,,0,0,,https://gitlab.com/gitlab-com/runbooks/-/work_items/177
1148549,https://gitlab.com/gitlab-com/runbooks,178,168346169,Reference architecture config not generatable,opened,2025-06-03T13:53:17.729Z,2025-06-03T13:59:03.785Z,,,,,,,0,0,,https://gitlab.com/gitlab-com/runbooks/-/work_items/178
1148549,https://gitlab.com/gitlab-com/runbooks,172,160777678,Update outdated links in ci-apdex-violating-slo.md,closed,2025-01-18T21:27:49.422Z,2025-04-23T18:46:40.701Z,2025-04-23T18:46:40.699Z,,,,,,0,0,,https://gitlab.com/gitlab-com/runbooks/-/work_items/172
1148549,https://gitlab.com/gitlab-com/runbooks,176,164493703,Update runbooks and dashboards to include patroni-sec,opened,2025-03-20T23:38:27.854Z,2025-04-10T16:00:45.125Z,,,,,jjsisson,,0,0,,https://gitlab.com/gitlab-com/runbooks/-/work_items/176
1148549,https://gitlab.com/gitlab-com/runbooks,139,133297678,Refactoring rails controller dashboard to facilitate adding new webservice deployments,closed,2023-09-06T12:10:28.168Z,2025-02-25T06:34:20.876Z,2025-02-25T06:34:20.580Z,,,,schin1,,0,0,,https://gitlab.com/gitlab-com/runbooks/-/work_items/139
1148549,https://gitlab.com/gitlab-com/runbooks,173,161746127,Migrate Workhorse route matchers to use route_id instead of route,opened,2025-02-04T19:45:43.003Z,2025-02-19T15:35:10.210Z,,,,,,,0,0,,https://gitlab.com/gitlab-com/runbooks/-/work_items/173
1148549,https://gitlab.com/gitlab-com/runbooks,174,161763744,"Zsh: error ""You're running bash < v4.0.0""",closed,2025-02-05T06:03:44.914Z,2025-02-05T13:45:42.692Z,2025-02-05T13:45:42.681Z,"maintenance::workflow, type::maintenance",,,,,0,0,,https://gitlab.com/gitlab-com/runbooks/-/work_items/174
1148549,https://gitlab.com/gitlab-com/runbooks,170,158216993,Not able to generate the GRAFANA_API_TOKEN,closed,2024-12-02T08:49:04.761Z,2025-02-05T02:41:13.059Z,2025-02-04T12:17:25.248Z,,,,lulalala,,0,0,,https://gitlab.com/gitlab-com/runbooks/-/work_items/170
1148549,https://gitlab.com/gitlab-com/runbooks,165,152182068,Consider adding Cloud Connector as a service,opened,2024-08-28T06:42:54.141Z,2025-01-30T12:18:29.536Z,,"devops::systems, group::cloud connector, section::core platform [DEPRECATED], type::maintenance",Next 1-3 releases,1235295.0,,,0,0,,https://gitlab.com/gitlab-com/runbooks/-/work_items/165
1148549,https://gitlab.com/gitlab-com/runbooks,155,146658111,Grafana Graph plugin is deprecated and will be removed from Grafana within the next 12 months,closed,2024-05-16T10:10:07.697Z,2025-01-22T02:56:47.288Z,2025-01-17T01:21:32.776Z,,,,tmillhouse,,0,0,,https://gitlab.com/gitlab-com/runbooks/-/work_items/155
1148549,https://gitlab.com/gitlab-com/runbooks,171,159101590,Tune GET-Hybrid GraphQL alerts,closed,2024-12-18T03:09:21.985Z,2024-12-18T17:10:02.762Z,2024-12-18T17:10:02.725Z,type::maintenance,,,ktchernov,,0,0,,https://gitlab.com/gitlab-com/runbooks/-/work_items/171
1148549,https://gitlab.com/gitlab-com/runbooks,168,156826982,Add Update Vault MR comment,opened,2024-11-05T04:46:37.626Z,2024-11-05T04:47:25.748Z,,"devops::platforms, group::Observability, group::scalability, section::platforms, type::feature",,,,,0,0,,https://gitlab.com/gitlab-com/runbooks/-/work_items/168
1148549,https://gitlab.com/gitlab-com/runbooks,153,146501997,Use confidence interval / margin-of-error to reduce low RPS SLI alerts,opened,2024-05-13T13:11:12.724Z,2024-10-18T12:42:08.891Z,,,,,andrewn,,0,0,,https://gitlab.com/gitlab-com/runbooks/-/work_items/153
1148549,https://gitlab.com/gitlab-com/runbooks,167,152884784,Runbook entry for avoid_exposing_member_is_using_seat,closed,2024-09-10T09:24:57.547Z,2024-09-16T14:53:56.293Z,2024-09-16T14:53:50.161Z,"devops::fulfillment, documentation, group::utilization, maintenance::workflow, section::fulfillment, type::maintenance, workflow::complete",17.5,4609576.0,,1.0,0,0,,https://gitlab.com/gitlab-com/runbooks/-/work_items/167
1148549,https://gitlab.com/gitlab-com/runbooks,163,152137256,scripts/generate-docs does not produce consistent results,opened,2024-08-27T14:48:55.937Z,2024-08-28T08:28:32.857Z,,,,,,,0,0,,https://gitlab.com/gitlab-com/runbooks/-/work_items/163
1148549,https://gitlab.com/gitlab-com/runbooks,141,136383499,Refactor monitoringThresholds and nodeLevelMonitoring to monitoring object in metrics catalog,opened,2023-10-12T07:42:18.673Z,2024-08-26T15:51:07.042Z,,"group::Observability, group::scalability",,,,,0,0,,https://gitlab.com/gitlab-com/runbooks/-/work_items/141
1148549,https://gitlab.com/gitlab-com/runbooks,162,151185248,fix: False positive Apdex alerts when downloading large container registry blobs,closed,2024-08-08T04:18:20.981Z,2024-08-08T13:08:39.727Z,2024-08-08T13:07:03.944Z,,,,ktchernov,,0,0,,https://gitlab.com/gitlab-com/runbooks/-/work_items/162
1148549,https://gitlab.com/gitlab-com/runbooks,161,150790045,Nested jsonnet validators,opened,2024-08-01T16:23:50.797Z,2024-08-02T09:08:25.582Z,,"feature::addition, type::feature",,,,,0,0,,https://gitlab.com/gitlab-com/runbooks/-/work_items/161
1148549,https://gitlab.com/gitlab-com/runbooks,157,147775647,Improve documentation for jsonnet service definition,opened,2024-06-13T14:58:34.003Z,2024-08-01T18:26:53.478Z,,"maintenance::refactor, type::maintenance",,,,,0,0,,https://gitlab.com/gitlab-com/runbooks/-/work_items/157
1148549,https://gitlab.com/gitlab-com/runbooks,160,150196748,Split Git HTTPS traffic out of workhorse SLI in reference architecture metrics-catalog,closed,2024-07-22T12:33:43.402Z,2024-07-23T04:45:54.999Z,2024-07-23T01:52:05.970Z,,,,andrewn,,0,0,,https://gitlab.com/gitlab-com/runbooks/-/work_items/160
1148549,https://gitlab.com/gitlab-com/runbooks,156,147486249,Add legacy-prometheus-rules-jsonnet/ directory changes as a warning to Dangerfile,closed,2024-06-06T02:09:32.557Z,2024-07-17T14:46:23.099Z,2024-07-16T10:41:21.631Z,"group::Observability, group::scalability",,,tmillhouse,,0,0,,https://gitlab.com/gitlab-com/runbooks/-/work_items/156
1148549,https://gitlab.com/gitlab-com/runbooks,154,146657936,Break the metrics-catalog down into a multi-stage build process,opened,2024-05-16T10:04:56.491Z,2024-06-27T23:48:33.721Z,,,,,,,0,0,,https://gitlab.com/gitlab-com/runbooks/-/work_items/154
1148549,https://gitlab.com/gitlab-com/runbooks,159,147960710,All errors: A new type of error SLI,closed,2024-06-18T15:52:12.038Z,2024-06-26T08:59:13.597Z,2024-06-26T08:59:13.405Z,"group::Observability, group::scalability",,,,,0,0,,https://gitlab.com/gitlab-com/runbooks/-/work_items/159
1148549,https://gitlab.com/gitlab-com/runbooks,158,147944901,Remove env from mimir-rules path format,closed,2024-06-18T09:21:58.867Z,2024-06-18T09:23:04.265Z,2024-06-18T09:23:04.114Z,,,,,,0,0,,https://gitlab.com/gitlab-com/runbooks/-/work_items/158
1148549,https://gitlab.com/gitlab-com/runbooks,152,145765948,glgo service maturity's `All components include an apdex` failing,closed,2024-05-06T09:24:21.924Z,2024-05-17T03:22:16.516Z,2024-05-17T03:22:16.492Z,,,,schin1,,0,0,,https://gitlab.com/gitlab-com/runbooks/-/work_items/152
1148549,https://gitlab.com/gitlab-com/runbooks,151,142917107,Use prometheus_fastapi_instrumentator to measure time to first chunk,opened,2024-03-04T13:26:08.254Z,2024-04-26T02:24:21.358Z,,,,,,,0,0,,https://gitlab.com/gitlab-com/runbooks/-/work_items/151
1148549,https://gitlab.com/gitlab-com/runbooks,142,138389523,Patroni cause alerts for all patroni services,closed,2023-11-20T08:00:17.421Z,2024-04-14T23:44:12.225Z,2024-01-04T21:52:05.075Z,patroni,,,"rhenchen.gitlab, rmar1",,0,0,,https://gitlab.com/gitlab-com/runbooks/-/work_items/142
1148549,https://gitlab.com/gitlab-com/runbooks,2,2816570,Concatenate information postgresql gathering into single bash script,closed,2016-08-23T10:02:44.631Z,2024-04-04T17:42:42.984Z,2019-07-09T18:21:44.576Z,,,,,,0,0,,https://gitlab.com/gitlab-com/runbooks/-/work_items/2
1148549,https://gitlab.com/gitlab-com/runbooks,67,94977199,Link to CI Runner's K8S workloads project from the monitoring documentation,closed,2021-10-06T16:40:37.032Z,2024-03-28T20:51:57.923Z,2021-10-07T15:58:29.955Z,"Engineering Allocation, devops::verify, group::runner core, section::ci",,,tmaczukin,,0,0,,https://gitlab.com/gitlab-com/runbooks/-/work_items/67
1148549,https://gitlab.com/gitlab-com/runbooks,150,142674509,scripts/generate-reference-architecture-config.sh cache not working as expected,closed,2024-02-27T05:30:56.912Z,2024-02-28T08:41:03.146Z,2024-02-28T08:41:03.136Z,,,,igorwwwwwwwwwwwwwwwwwwww,,0,0,,https://gitlab.com/gitlab-com/runbooks/-/work_items/150
1148549,https://gitlab.com/gitlab-com/runbooks,131,129614352,Update yubikey documentation with how to renew expired GPG keys.,closed,2023-06-21T16:38:24.210Z,2024-02-16T16:15:41.335Z,2024-02-16T16:15:41.319Z,,,,,,0,0,,https://gitlab.com/gitlab-com/runbooks/-/work_items/131
1148549,https://gitlab.com/gitlab-com/runbooks,146,140835464,Expose metrics and selectors needed for custom rate query metrics,closed,2024-01-15T11:32:55.091Z,2024-02-16T12:14:35.102Z,2024-02-16T12:14:34.931Z,"group::Observability, group::scalability",,,,,0,0,,https://gitlab.com/gitlab-com/runbooks/-/work_items/146
1148549,https://gitlab.com/gitlab-com/runbooks,149,141770951,jsonnet cache invalidation misses selectively generated files,closed,2024-02-05T15:05:59.767Z,2024-02-06T12:35:09.407Z,2024-02-06T12:34:03.639Z,"bug, group::Observability, group::scalability",,,abrandl,,0,0,,https://gitlab.com/gitlab-com/runbooks/-/work_items/149
1148549,https://gitlab.com/gitlab-com/runbooks,148,141678595,Allow generating extra recording rules from saturation points,closed,2024-02-02T13:38:46.670Z,2024-02-02T13:39:49.962Z,2024-02-02T13:39:49.639Z,,,,,,0,0,,https://gitlab.com/gitlab-com/runbooks/-/work_items/148
1148549,https://gitlab.com/gitlab-com/runbooks,147,141555980,Limit the number of rules per rule group in Mimir,closed,2024-01-31T15:02:49.282Z,2024-01-31T15:03:24.940Z,2024-01-31T15:03:24.511Z,"group::Observability, group::scalability",,,,,0,0,,https://gitlab.com/gitlab-com/runbooks/-/work_items/147
1148549,https://gitlab.com/gitlab-com/runbooks,145,140248375,hfdth,closed,2023-12-30T19:54:27.790Z,2024-01-29T14:01:18.972Z,2024-01-29T14:01:18.946Z,,,,,,0,0,,https://gitlab.com/gitlab-com/runbooks/-/work_items/145
1148549,https://gitlab.com/gitlab-com/runbooks,111,125613632,Introduce jsonnet-lint,opened,2023-03-22T07:21:25.051Z,2024-01-22T13:03:27.377Z,,,,,,,0,0,,https://gitlab.com/gitlab-com/runbooks/-/work_items/111
1148549,https://gitlab.com/gitlab-com/runbooks,143,139464220,Add a saturation metric for Anthropic quota,closed,2023-12-11T03:03:26.661Z,2023-12-22T15:59:29.358Z,2023-12-22T15:59:29.348Z,group::scalability,,,reprazent,,0,0,,https://gitlab.com/gitlab-com/runbooks/-/work_items/143
1148549,https://gitlab.com/gitlab-com/runbooks,144,140088573,Define a new filter/selector for patroni-cause-alerts.libsonnet,closed,2023-12-22T10:13:17.321Z,2023-12-22T11:05:20.530Z,2023-12-22T11:05:20.514Z,,,,rhenchen.gitlab,,0,0,,https://gitlab.com/gitlab-com/runbooks/-/work_items/144
1148549,https://gitlab.com/gitlab-com/runbooks,1,2294421,Add manual commands to disable auto-vacuum in postgresql,closed,2016-05-24T14:50:23.684Z,2023-11-24T20:14:51.298Z,,,,,jnijhof,,0,0,,https://gitlab.com/gitlab-com/runbooks/-/work_items/1
1148549,https://gitlab.com/gitlab-com/runbooks,38,31856752,Create a runbook for updating package repo signing keys used by Packagecloud,closed,2020-03-11T07:19:06.109Z,2023-10-27T04:00:34.269Z,2023-10-27T04:00:34.080Z,,,,gsgl,,0,0,,https://gitlab.com/gitlab-com/runbooks/-/work_items/38
1148549,https://gitlab.com/gitlab-com/runbooks,129,128928796,Update sidekiq deferring-jobs doc to include Db health check based deferral,closed,2023-06-05T21:55:09.521Z,2023-09-18T18:08:59.009Z,2023-09-15T06:27:45.234Z,"Database, group::database [DEPRECATED], maintenance::scalability, type::maintenance, workflow::in dev",16.4,2969713.0,praba.m7n,,0,0,,https://gitlab.com/gitlab-com/runbooks/-/work_items/129
1148549,https://gitlab.com/gitlab-com/runbooks,133,131973276,Introduce Runbook docs for the AI Gateway service,closed,2023-08-09T09:46:06.608Z,2023-09-12T15:46:53.400Z,2023-09-11T20:32:42.305Z,"group::scalability, team::Frameworks (deprecated)",,,alejandro,,0,0,,https://gitlab.com/gitlab-com/runbooks/-/work_items/133
1148549,https://gitlab.com/gitlab-com/runbooks,136,133047634,Update Redis survival guide to better represent the Redis landscape in Gitlab SaaS,closed,2023-08-31T09:56:07.018Z,2023-09-05T11:57:56.917Z,2023-09-05T11:57:56.874Z,,,,schin1,,0,0,,https://gitlab.com/gitlab-com/runbooks/-/work_items/136
1148549,https://gitlab.com/gitlab-com/runbooks,137,133102163,"Generate actual saturation query in manifest, not in Tamland",closed,2023-09-01T11:33:00.798Z,2023-09-04T13:35:42.297Z,2023-09-04T13:35:42.139Z,,,,,,0,0,,https://gitlab.com/gitlab-com/runbooks/-/work_items/137
1148549,https://gitlab.com/gitlab-com/runbooks,138,133121800,pg_int4_sequence_saturation metrics return NaN in gitlab-exporter,opened,2023-09-01T16:59:06.953Z,2023-09-01T16:59:36.567Z,,,,,,,0,0,,https://gitlab.com/gitlab-com/runbooks/-/work_items/138
1148549,https://gitlab.com/gitlab-com/runbooks,135,132223420,Add saturation monitor override functionality to reference architecture options,closed,2023-08-15T14:21:29.848Z,2023-08-21T14:09:43.193Z,2023-08-21T14:09:43.178Z,,,,amknight,,0,0,,https://gitlab.com/gitlab-com/runbooks/-/work_items/135
1148549,https://gitlab.com/gitlab-com/runbooks,132,131669696,"Saturation monitoring framework should support ""medium-term"" linear-interpolation alerting for imminent saturation",closed,2023-08-03T07:46:50.038Z,2023-08-04T07:34:42.632Z,2023-08-04T07:34:42.473Z,,,,,,0,0,,https://gitlab.com/gitlab-com/runbooks/-/work_items/132
1148549,https://gitlab.com/gitlab-com/runbooks,127,127976310,Update get-monitoring-setup.md doc with updated reference to the 3k architecture for staging-ref,closed,2023-05-15T03:09:02.649Z,2023-06-13T15:34:20.224Z,2023-06-07T11:23:18.967Z,Department::Quality,,,vishal.s.patel,,0,0,,https://gitlab.com/gitlab-com/runbooks/-/work_items/127
1148549,https://gitlab.com/gitlab-com/runbooks,128,128100807,Persist test dashboards used for PG14 upgrade,closed,2023-05-17T10:58:04.297Z,2023-06-09T08:34:31.863Z,2023-06-09T08:34:31.853Z,,,,"NikolayS, anganga",,0,0,,https://gitlab.com/gitlab-com/runbooks/-/work_items/128
1148549,https://gitlab.com/gitlab-com/runbooks,130,129037586,Allow reusing component SLI definitions across services,opened,2023-06-07T16:55:23.255Z,2023-06-08T10:58:10.781Z,,,,,,,0,0,,https://gitlab.com/gitlab-com/runbooks/-/work_items/130
1148549,https://gitlab.com/gitlab-com/runbooks,126,127164586,Move scripts from docs/uncategorized directory to scripts directory,closed,2023-04-25T16:05:56.854Z,2023-04-28T15:36:07.976Z,2023-04-28T15:36:07.962Z,type::maintenance,,,nnelson,1.0,0,0,,https://gitlab.com/gitlab-com/runbooks/-/work_items/126
1148549,https://gitlab.com/gitlab-com/runbooks,125,126660652,Accommodate further service types within core libraries for maximum reusability,opened,2023-04-14T08:15:18.899Z,2023-04-14T08:16:47.201Z,,,,,,,0,0,,https://gitlab.com/gitlab-com/runbooks/-/work_items/125
1148549,https://gitlab.com/gitlab-com/runbooks,118,126225067,Filenames starting with aux can not be git cloned to Windows machines,opened,2023-04-04T13:40:00.129Z,2023-04-04T13:40:00.129Z,,,,,,,0,0,,https://gitlab.com/gitlab-com/runbooks/-/work_items/118
1148549,https://gitlab.com/gitlab-com/runbooks,117,125839847,monitoring-cluster: Elasticsearch watchers need update for es8,closed,2023-03-27T15:05:16.441Z,2023-03-28T23:23:45.269Z,2023-03-28T23:23:44.970Z,"maintenance::refactor, type::maintenance",,,,,0,0,,https://gitlab.com/gitlab-com/runbooks/-/work_items/117
1148549,https://gitlab.com/gitlab-com/runbooks,110,125271710,Deploy Dashboards Job Failure,closed,2023-03-15T00:39:10.201Z,2023-03-15T01:39:40.660Z,2023-03-15T01:39:40.648Z,type::bug,,,,,0,0,,https://gitlab.com/gitlab-com/runbooks/-/work_items/110
1148549,https://gitlab.com/gitlab-com/runbooks,109,124403327,Reference Architecture Monitoring: switch webservice from fixed latency thresholds to custom latency thresholds,closed,2023-02-28T08:42:46.278Z,2023-02-28T22:59:38.505Z,2023-02-28T22:58:26.825Z,,,,andrewn,,0,0,,https://gitlab.com/gitlab-com/runbooks/-/work_items/109
1148549,https://gitlab.com/gitlab-com/runbooks,108,123707617,Cache jsonnet-bundler vendored directory,closed,2023-02-15T08:15:36.227Z,2023-02-17T08:38:50.204Z,2023-02-15T13:35:57.872Z,,,,,,0,0,,https://gitlab.com/gitlab-com/runbooks/-/work_items/108
1148549,https://gitlab.com/gitlab-com/runbooks,102,120531124,Add documentation on Redis Cluster to new Redis services in cluster mode,closed,2022-12-16T12:45:04.645Z,2023-01-26T13:23:15.618Z,2023-01-26T13:23:15.599Z,group::scalability,,,schin1,,0,0,,https://gitlab.com/gitlab-com/runbooks/-/work_items/102
1148549,https://gitlab.com/gitlab-com/runbooks,105,122030085,Implement observability for new internal-api service,closed,2023-01-17T14:41:41.991Z,2023-01-18T12:27:31.635Z,2023-01-18T12:27:31.236Z,"Engineering Analytics, group::release-and-deploy",,,,,0,0,,https://gitlab.com/gitlab-com/runbooks/-/work_items/105
1148549,https://gitlab.com/gitlab-com/runbooks,88,104615130,GET Monitoring: add better monitoring for GitLab Shell,opened,2022-03-11T13:20:24.927Z,2023-01-16T16:53:13.744Z,,,,,,,0,0,,https://gitlab.com/gitlab-com/runbooks/-/work_items/88
1148549,https://gitlab.com/gitlab-com/runbooks,104,121542808,rspec failing after ruby upgrade.,closed,2023-01-10T20:40:17.778Z,2023-01-11T12:55:34.143Z,2023-01-10T23:27:37.662Z,,,,stejacks-gitlab,,0,0,,https://gitlab.com/gitlab-com/runbooks/-/work_items/104
1148549,https://gitlab.com/gitlab-com/runbooks,103,120603287,Add scripts to generate Redis service,closed,2022-12-19T02:42:44.716Z,2022-12-27T02:19:49.354Z,2022-12-27T02:19:49.327Z,group::scalability,,,schin1,,0,0,,https://gitlab.com/gitlab-com/runbooks/-/work_items/103
1148549,https://gitlab.com/gitlab-com/runbooks,99,115051054,Checklist for CustomersDot outages,closed,2022-09-14T13:16:42.249Z,2022-11-25T10:58:21.965Z,2022-10-04T14:59:38.315Z,section::fulfillment,,,ebaque,,0,0,,https://gitlab.com/gitlab-com/runbooks/-/work_items/99
1148549,https://gitlab.com/gitlab-com/runbooks,100,116222174,fix: go-jsonnet v0.18.0 fails to install on Mac using asdf,opened,2022-10-04T02:49:15.549Z,2022-10-04T02:49:15.549Z,,,,,,,0,0,,https://gitlab.com/gitlab-com/runbooks/-/work_items/100
1148549,https://gitlab.com/gitlab-com/runbooks,98,114859086,Create a rake task for Disaster Recovery,closed,2022-09-12T12:19:21.246Z,2022-09-12T12:29:08.884Z,2022-09-12T12:23:01.155Z,"group::global search, type::feature",,,,2.0,0,0,,https://gitlab.com/gitlab-com/runbooks/-/work_items/98
1148549,https://gitlab.com/gitlab-com/runbooks,97,112669709,Question regarding gitlab-exporter metrics usage,closed,2022-08-02T14:28:00.573Z,2022-08-05T07:25:18.902Z,2022-08-05T07:25:18.836Z,,,,,,0,0,,https://gitlab.com/gitlab-com/runbooks/-/work_items/97
1148549,https://gitlab.com/gitlab-com/runbooks,41,32143198,Better structure for the runbooks documentation,closed,2020-03-18T16:41:24.245Z,2022-08-02T06:02:43.367Z,2020-03-19T20:59:20.686Z,,,,,,0,0,,https://gitlab.com/gitlab-com/runbooks/-/work_items/41
278964,https://gitlab.com/gitlab-org/gitlab,414821,129066918,[Test] ee/browser_ui/2_plan/analytics/value_stream_analytics_spec.rb | Plan Value stream analytics without pre-existing dashboard with default template behaves like value stream analytics shows vsa dashboard,opened,2023-06-08T11:11:55.679Z,2026-04-16T03:02:14.964Z,,"E2E, Enterprise Edition, Quality [DEPRECATED], devops::analytics, group::optimize, main::passed, master::passed, rspec-shared-examples, section::analytics, staging-canary::passed, staging::passed, status::automated, suppress-contributor-links",,,,,0,0,,https://gitlab.com/gitlab-org/gitlab/-/issues/414821
278964,https://gitlab.com/gitlab-org/gitlab,347756,98778290,[Test] browser_ui/3_create/repository/push_protected_branch_spec.rb | Create Protected branch support when developers and maintainers are allowed to push to a protected branch user with push rights successfully pushes,opened,2021-12-09T20:41:36.801Z,2026-04-16T03:02:14.890Z,,"E2E, Quality [DEPRECATED], canary::passed, devops::create, gitlab::passed, main::passed, master::passed, nightly::passed, preprod::passed, production::passed, release::passed, section::dev, staging-canary::passed, staging-orchestrated::passed, staging-ref::passed, staging::passed, status::automated, suppress-contributor-links",,,,,0,0,,https://gitlab.com/gitlab-org/gitlab/-/issues/347756
278964,https://gitlab.com/gitlab-org/gitlab,363345,109030977,[Test] api/9_tenant_scale/user_inherited_access_spec.rb | Tenant Scale User when added to parent group is allowed to push code to sub-group project via the CLI,opened,2022-05-24T10:57:45.018Z,2026-04-16T03:02:14.798Z,,"E2E, Quality [DEPRECATED], auto updated, department::infrastructure platforms, devops::tenant scale, gitlab::passed, group::organizations, main::passed, master::passed, nightly::passed, section::tenant scale, staging-canary::passed, staging-ref::passed, staging::passed, status::automated, suppress-contributor-links, type::maintenance",,,,,0,0,,https://gitlab.com/gitlab-org/gitlab/-/issues/363345
278964,https://gitlab.com/gitlab-org/gitlab,347734,98778243,[Test] browser_ui/3_create/repository/protocol_v2_push_ssh_spec.rb | Create Push over SSH using Git protocol version 2 user pushes to the repository,opened,2021-12-09T20:40:57.224Z,2026-04-16T03:02:10.645Z,,"E2E, Quality [DEPRECATED], devops::create, gitlab::passed, main::passed, master::passed, nightly::passed, production::passed, section::dev, staging-canary::passed, staging-orchestrated::passed, staging-ref::passed, staging::passed, status::automated, suppress-contributor-links",,,,,0,0,,https://gitlab.com/gitlab-org/gitlab/-/issues/347734
278964,https://gitlab.com/gitlab-org/gitlab,347819,98778406,[Test] browser_ui/3_create/repository/ssh_key_support_create_spec.rb | Create SSH keys support user can add an SSH key,opened,2021-12-09T20:43:19.825Z,2026-04-16T03:02:10.521Z,,"E2E, Quality [DEPRECATED], canary::passed, devops::create, gitlab::passed, main::passed, master::passed, nightly::passed, preprod::passed, production::passed, release::passed, section::dev, staging-canary::passed, staging-orchestrated::passed, staging-ref::passed, staging::passed, status::automated, suppress-contributor-links",,,,,0,0,,https://gitlab.com/gitlab-org/gitlab/-/issues/347819
278964,https://gitlab.com/gitlab-org/gitlab,415068,129193936,[Test] ee/browser_ui/2_plan/analytics/value_stream_analytics_spec.rb | Plan Value stream analytics without pre-existing dashboard with custom template behaves like value stream analytics shows vsa dashboard,opened,2023-06-12T14:05:27.051Z,2026-04-16T03:02:10.405Z,,"E2E, Enterprise Edition, Quality [DEPRECATED], devops::analytics, group::optimize, main::passed, master::passed, rspec-shared-examples, section::analytics, staging-canary::passed, staging::passed, status::automated, suppress-contributor-links",,,,,0,0,,https://gitlab.com/gitlab-org/gitlab/-/issues/415068
278964,https://gitlab.com/gitlab-org/gitlab,347736,98778246,[Test] ee/browser_ui/3_create/repository/pull_mirroring_over_ssh_with_key_spec.rb | Create Pull mirror a repository over SSH with a private key configures and syncs a (pull) mirrored repository,opened,2021-12-09T20:41:01.290Z,2026-04-16T03:02:10.255Z,,"E2E, Enterprise Edition, Quality [DEPRECATED], canary::passed, devops::create, gitlab::passed, main::passed, master::passed, nightly::passed, preprod::failed, production::passed, section::dev, staging-canary::passed, staging-orchestrated::passed, staging-ref::passed, staging::passed, status::automated, suppress-contributor-links",,,,,0,0,,https://gitlab.com/gitlab-org/gitlab/-/issues/347736
278964,https://gitlab.com/gitlab-org/gitlab,347869,98779840,[Test] ee/browser_ui/10_software_supply_chain_security/user/minimal_access_user_spec.rb | Software Supply Chain Security User with minimal access to group is not allowed to edit files via the UI,opened,2021-12-09T21:20:00.607Z,2026-04-16T03:02:08.474Z,,"E2E, Enterprise Edition, Quality [DEPRECATED], devops::foundations, gitlab::passed, main::passed, master::passed, nightly::passed, section::foundations, staging-canary::passed, staging-orchestrated::passed, staging-ref::passed, staging::passed, status::automated, suppress-contributor-links",,,,,0,0,,https://gitlab.com/gitlab-org/gitlab/-/issues/347869
278964,https://gitlab.com/gitlab-org/gitlab,565147,172413390,[Test] browser_ui/5_package/package_registry/npm/npm_instance_level_spec.rb | Package npm Registry instance level endpoint with ci job token push and pull a npm package via CI,opened,2025-08-26T00:44:40.025Z,2026-04-16T03:02:08.040Z,,"E2E, master::passed, production::passed, staging-canary::passed, staging::passed, status::automated, suppress-contributor-links",,,,,0,0,,https://gitlab.com/gitlab-org/gitlab/-/issues/565147
278964,https://gitlab.com/gitlab-org/gitlab,347686,98772688,[Test] browser_ui/3_create/merge_request/merge_request_set_to_auto_merge_spec.rb | Create Merge request set to auto-merge merges after pipeline succeeds,opened,2021-12-09T18:04:09.597Z,2026-04-16T03:02:04.845Z,,"E2E, Quality [DEPRECATED], canary::passed, devops::create, gitlab::passed, main::passed, master::passed, nightly::passed, preprod::failed, production::passed, section::dev, staging-canary::passed, staging-orchestrated::passed, staging-ref::passed, staging::passed, status::automated, suppress-contributor-links",,,,,0,0,,https://gitlab.com/gitlab-org/gitlab/-/issues/347686
278964,https://gitlab.com/gitlab-org/gitlab,347793,98778370,"[Test] browser_ui/3_create/snippet/clone_push_pull_personal_snippet_spec.rb | Create Version control for personal snippets clones, pushes, and pulls a snippet over HTTP, edits via UI",opened,2021-12-09T20:42:37.232Z,2026-04-16T03:02:04.452Z,,"E2E, Quality [DEPRECATED], canary::passed, devops::create, gitlab::passed, main::passed, master::passed, nightly::passed, preprod::passed, production::passed, section::dev, staging-canary::passed, staging-orchestrated::passed, staging-ref::passed, staging::passed, status::automated, suppress-contributor-links",,,,,0,0,,https://gitlab.com/gitlab-org/gitlab/-/issues/347793
278964,https://gitlab.com/gitlab-org/gitlab,565150,172413394,[Test] browser_ui/5_package/package_registry/npm/npm_instance_level_spec.rb | Package npm Registry instance level endpoint with other token types with a personal access token behaves like using a docker container push and pull a npm package,opened,2025-08-26T00:44:53.694Z,2026-04-16T03:02:04.369Z,,"E2E, master::passed, production::passed, rspec-shared-examples, staging-canary::passed, staging::passed, status::automated, suppress-contributor-links",,,,,0,0,,https://gitlab.com/gitlab-org/gitlab/-/issues/565150
278964,https://gitlab.com/gitlab-org/gitlab,347946,98780260,[Test] browser_ui/2_plan/issue/create_issue_spec.rb | Plan Issue creation when using attachments in comments comments on an issue with an attachment,opened,2021-12-09T21:31:31.049Z,2026-04-16T03:02:01.005Z,,"E2E, Quality [DEPRECATED], canary::passed, devops::plan, gitlab::passed, main::passed, master::passed, nightly::passed, preprod::passed, production::passed, release::passed, section::dev, staging-canary::passed, staging-orchestrated::passed, staging-ref::passed, staging::passed, status::automated, suppress-contributor-links",,,,,0,0,,https://gitlab.com/gitlab-org/gitlab/-/issues/347946
278964,https://gitlab.com/gitlab-org/gitlab,565148,172413392,[Test] browser_ui/5_package/package_registry/npm/npm_instance_level_spec.rb | Package npm Registry instance level endpoint with other token types with a project deploy token behaves like using a docker container push and pull a npm package,opened,2025-08-26T00:44:46.827Z,2026-04-16T03:02:00.510Z,,"E2E, master::passed, production::passed, rspec-shared-examples, staging-canary::passed, staging::passed, status::automated, suppress-contributor-links",,,,,0,0,,https://gitlab.com/gitlab-org/gitlab/-/issues/565148
278964,https://gitlab.com/gitlab-org/gitlab,390007,122802619,[Test] browser_ui/3_create/web_ide/upload_new_file_in_web_ide_spec.rb | Create Upload a file in Web IDE with a new file when the file is an image behaves like upload a file verifies it successfully uploads and commits to a MR,opened,2023-02-01T01:18:33.598Z,2026-04-16T03:01:58.534Z,,"Category:Web IDE, E2E, Quality [DEPRECATED], automation:ml, automation:ml wrong, canary::passed, devops::create, group::editor extensions, main::passed, master::passed, production::passed, release::passed, rspec-shared-examples, section::dev, staging-canary::passed, staging::passed, status::automated, suppress-contributor-links, type::maintenance",,,,,0,0,,https://gitlab.com/gitlab-org/gitlab/-/issues/390007
278964,https://gitlab.com/gitlab-org/gitlab,347792,98778366,"[Test] browser_ui/3_create/snippet/clone_push_pull_personal_snippet_spec.rb | Create Version control for personal snippets clones, pushes, and pulls a snippet over SSH, deletes via UI",opened,2021-12-09T20:42:35.604Z,2026-04-16T03:01:58.490Z,,"E2E, Quality [DEPRECATED], canary::passed, devops::create, gitlab::passed, main::passed, master::passed, nightly::passed, preprod::passed, production::passed, section::dev, staging-canary::passed, staging-orchestrated::passed, staging-ref::passed, staging::passed, status::automated, suppress-contributor-links",,,,,0,0,,https://gitlab.com/gitlab-org/gitlab/-/issues/347792
278964,https://gitlab.com/gitlab-org/gitlab,571638,173803285,[Test] browser_ui/3_create/snippet/create_personal_snippet_with_multiple_files_spec.rb | Create Multiple file snippet creates a personal snippet with multiple files,opened,2025-09-22T22:05:22.321Z,2026-04-16T03:01:55.711Z,,"E2E, master::passed, production::passed, staging-canary::passed, staging::passed, status::automated, suppress-contributor-links",,,,,0,0,,https://gitlab.com/gitlab-org/gitlab/-/issues/571638
278964,https://gitlab.com/gitlab-org/gitlab,347967,98780323,[Test] browser_ui/2_plan/issue/create_issue_spec.rb | Plan Issue creation closes an issue,opened,2021-12-09T21:32:06.824Z,2026-04-16T03:01:54.906Z,,"E2E, Quality [DEPRECATED], canary::passed, devops::plan, gitlab::passed, main::passed, master::passed, nightly::passed, preprod::passed, production::passed, release::passed, section::dev, staging-canary::passed, staging-orchestrated::passed, staging-ref::passed, staging::passed, status::automated, suppress-contributor-links",,,,,0,0,,https://gitlab.com/gitlab-org/gitlab/-/issues/347967
278964,https://gitlab.com/gitlab-org/gitlab,347953,98780286,"[Test] ee/browser_ui/2_plan/issue_boards/project_issue_boards_spec.rb | Plan Project issue boards Milestone issue board shows the just created board with a 1.0 (milestone) list, and an issue on it",opened,2021-12-09T21:31:43.304Z,2026-04-16T03:01:53.971Z,,"E2E, Enterprise Edition, Quality [DEPRECATED], canary::passed, devops::plan, gitlab::passed, main::passed, master::passed, nightly::passed, preprod::passed, production::passed, release::passed, section::dev, staging-canary::passed, staging-orchestrated::passed, staging-ref::passed, staging::passed, status::automated, suppress-contributor-links",,,,,0,0,,https://gitlab.com/gitlab-org/gitlab/-/issues/347953
278964,https://gitlab.com/gitlab-org/gitlab,347989,98780358,[Test] browser_ui/2_plan/issue/create_issue_spec.rb | Plan Issue creation creates an issue,opened,2021-12-09T21:32:43.415Z,2026-04-16T03:01:51.426Z,,"E2E, Quality [DEPRECATED], canary::passed, devops::plan, gitlab::passed, main::passed, master::passed, nightly::passed, preprod::passed, production::passed, release::passed, section::dev, staging-canary::passed, staging-orchestrated::passed, staging-ref::passed, staging::passed, status::automated, suppress-contributor-links",,,,,0,0,,https://gitlab.com/gitlab-org/gitlab/-/issues/347989
278964,https://gitlab.com/gitlab-org/gitlab,442387,142371862,[Test] browser_ui/2_plan/project_wiki/project_based_content_creation_spec.rb | Plan Testing wiki content creation inside a project by adding a wiki page with spaces in the path using git push,opened,2024-02-20T09:39:24.803Z,2026-04-16T03:01:50.893Z,,"Category:Wiki, E2E, Quality [DEPRECATED], backlog::prospective, canary::passed, devops::plan, group::knowledge, main::passed, master::passed, production::passed, section::dev, staging-canary::passed, staging::passed, status::automated, suppress-contributor-links, type::maintenance",Backlog,490705.0,,,0,0,,https://gitlab.com/gitlab-org/gitlab/-/issues/442387
278964,https://gitlab.com/gitlab-org/gitlab,533855,165154082,[Test] browser_ui/2_plan/issue/create_issue_spec.rb | Plan Issue creation creates an issue and updates the description,opened,2025-04-02T16:44:48.363Z,2026-04-16T03:01:49.796Z,,"E2E, Quality [DEPRECATED], canary::passed, devops::plan, group::project management, main::passed, master::passed, production::passed, release::passed, section::dev, staging-canary::passed, staging::passed, status::automated, suppress-contributor-links, type::maintenance",,,,,0,0,,https://gitlab.com/gitlab-org/gitlab/-/issues/533855
278964,https://gitlab.com/gitlab-org/gitlab,347991,98780363,"[Test] ee/browser_ui/2_plan/issue_boards/project_issue_boards_spec.rb | Plan Project issue boards Assignee issue board shows the just created board with an assignee list, and an issue on it",opened,2021-12-09T21:32:46.781Z,2026-04-16T03:01:48.421Z,,"E2E, Enterprise Edition, Quality [DEPRECATED], canary::passed, devops::plan, gitlab::passed, main::passed, master::passed, nightly::passed, preprod::passed, production::passed, release::passed, section::dev, staging-canary::passed, staging-orchestrated::passed, staging-ref::passed, staging::passed, status::automated, suppress-contributor-links",,,,,0,0,,https://gitlab.com/gitlab-org/gitlab/-/issues/347991
278964,https://gitlab.com/gitlab-org/gitlab,347888,98779903,[Test] ee/browser_ui/2_plan/insights/default_insights_spec.rb | Plan for group insights page behaves like default insights page displays issues and merge requests dashboards,opened,2021-12-09T21:20:33.346Z,2026-04-16T03:01:47.228Z,,"E2E, Enterprise Edition, Quality [DEPRECATED], canary::passed, devops::foundations, gitlab::passed, main::passed, master::passed, nightly::passed, preprod::passed, production::passed, release::passed, rspec-shared-examples, section::foundations, staging-canary::passed, staging-orchestrated::passed, staging-ref::passed, staging::passed, status::automated, suppress-contributor-links",,,,,0,0,,https://gitlab.com/gitlab-org/gitlab/-/issues/347888
278964,https://gitlab.com/gitlab-org/gitlab,347806,98778386,[Test] browser_ui/2_plan/project_wiki/project_based_content_creation_spec.rb | Plan Testing wiki content creation inside a project by adding a home page to the wiki using git push,opened,2021-12-09T20:42:57.858Z,2026-04-16T03:01:46.764Z,,"E2E, Quality [DEPRECATED], canary::passed, devops::create, gitlab::passed, main::passed, master::passed, nightly::passed, preprod::passed, production::passed, section::dev, staging-canary::passed, staging-orchestrated::passed, staging-ref::passed, staging::passed, status::automated, suppress-contributor-links",,,,,0,0,,https://gitlab.com/gitlab-org/gitlab/-/issues/347806
278964,https://gitlab.com/gitlab-org/gitlab,347889,98779904,[Test] ee/browser_ui/2_plan/insights/default_insights_spec.rb | Plan for project insights page behaves like default insights page displays issues and merge requests dashboards,opened,2021-12-09T21:20:35.863Z,2026-04-16T03:01:42.820Z,,"E2E, Enterprise Edition, Quality [DEPRECATED], canary::passed, devops::foundations, gitlab::passed, main::passed, master::passed, nightly::passed, preprod::passed, production::passed, release::passed, rspec-shared-examples, section::foundations, staging-canary::passed, staging-orchestrated::passed, staging-ref::passed, staging::passed, status::automated, suppress-contributor-links",,,,,0,0,,https://gitlab.com/gitlab-org/gitlab/-/issues/347889
278964,https://gitlab.com/gitlab-org/gitlab,347990,98780360,"[Test] ee/browser_ui/2_plan/issue_boards/project_issue_boards_spec.rb | Plan Project issue boards Label issue board shows the just created board with a Testing (label) list, and an issue on it",opened,2021-12-09T21:32:45.196Z,2026-04-16T03:01:41.665Z,,"E2E, Enterprise Edition, Quality [DEPRECATED], canary::passed, devops::plan, gitlab::passed, main::passed, master::passed, nightly::passed, preprod::passed, production::passed, release::passed, section::dev, staging-canary::passed, staging-orchestrated::passed, staging-ref::passed, staging::passed, status::automated, suppress-contributor-links",,,,,0,0,,https://gitlab.com/gitlab-org/gitlab/-/issues/347990
278964,https://gitlab.com/gitlab-org/gitlab,347807,98778387,[Test] browser_ui/2_plan/project_wiki/project_based_content_creation_spec.rb | Plan Testing wiki content creation inside a project by adding a second page to the wiki using git push,opened,2021-12-09T20:42:59.537Z,2026-04-16T03:01:41.321Z,,"E2E, Quality [DEPRECATED], canary::passed, devops::create, gitlab::passed, main::passed, master::passed, nightly::passed, preprod::passed, production::passed, section::dev, staging-canary::passed, staging-orchestrated::passed, staging-ref::passed, staging::passed, status::automated, suppress-contributor-links",,,,,0,0,,https://gitlab.com/gitlab-org/gitlab/-/issues/347807
278964,https://gitlab.com/gitlab-org/gitlab,571629,173802514,[Test] browser_ui/3_create/snippet/add_file_to_snippet_spec.rb | Create Multiple file snippet behaves like adding file to snippet adds second file to an existing personal_snippet to make it multi-file,opened,2025-09-22T21:34:49.136Z,2026-04-16T03:01:37.060Z,,"E2E, master::passed, production::passed, rspec-shared-examples, staging-canary::passed, staging::passed, status::automated, suppress-contributor-links",,,,,0,0,,https://gitlab.com/gitlab-org/gitlab/-/issues/571629
278964,https://gitlab.com/gitlab-org/gitlab,426177,135532510,[Test] ee/browser_ui/18_security_risk_management/scan_execution_policy_vulnerabilities_spec.rb | Security Risk Management Group Level Scan Execution Policy does not take effect when pipeline is run on non default branch,opened,2023-09-26T02:26:09.736Z,2026-04-16T03:01:35.915Z,,"E2E, Enterprise Edition, Quality [DEPRECATED], canary::passed, main::passed, master::passed, preprod::failed, production::passed, release::passed, staging-canary::passed, staging::passed, status::automated, suppress-contributor-links",,,,,0,0,,https://gitlab.com/gitlab-org/gitlab/-/issues/426177
278964,https://gitlab.com/gitlab-org/gitlab,596894,188433311,"Ci::ScheduleUnlockPipelinesInQueueCronWorker floods Sidekiq with dozens of jobs per second on fresh instance with no projects, exhausting all RAM and swap",opened,2026-04-16T03:01:32.291Z,2026-04-16T03:01:33.912Z,,,,,,,0,0,,https://gitlab.com/gitlab-org/gitlab/-/work_items/596894
278964,https://gitlab.com/gitlab-org/gitlab,571630,173802516,[Test] browser_ui/3_create/snippet/add_file_to_snippet_spec.rb | Create Multiple file snippet behaves like adding file to snippet adds second file to an existing project_snippet to make it multi-file,opened,2025-09-22T21:34:54.840Z,2026-04-16T03:01:32.867Z,,"E2E, master::passed, production::passed, rspec-shared-examples, staging-canary::passed, staging::passed, status::automated, suppress-contributor-links",,,,,0,0,,https://gitlab.com/gitlab-org/gitlab/-/issues/571630
278964,https://gitlab.com/gitlab-org/gitlab,367044,111247409,[Test] browser_ui/10_software_supply_chain_security/group/group_access_token_spec.rb | Software Supply Chain Security Group access tokens can be created and revoked via the UI,opened,2022-07-06T10:54:29.514Z,2026-04-16T03:01:31.639Z,,"Category:System Access, E2E, Quality [DEPRECATED], auto updated, canary::passed, devops::software supply chain security, gitlab::passed, group::authentication, main::passed, master::passed, nightly::passed, preprod::passed, production::passed, release::passed, section::sec, staging-canary::passed, staging::passed, status::automated, suppress-contributor-links",,,,,0,0,,https://gitlab.com/gitlab-org/gitlab/-/issues/367044
278964,https://gitlab.com/gitlab-org/gitlab,347956,98780291,[Test] ee/api/2_plan/epics_milestone_dates_spec.rb | Plan Epics milestone dates API updates epic dates when deleting milestones,opened,2021-12-09T21:31:48.540Z,2026-04-16T03:01:27.717Z,,"E2E, Enterprise Edition, Quality [DEPRECATED], canary::passed, devops::plan, gitlab::passed, main::passed, master::passed, nightly::passed, preprod::passed, production::passed, release::passed, section::dev, staging-canary::passed, staging-orchestrated::passed, staging-ref::passed, staging::passed, status::automated, suppress-contributor-links",,,,,0,0,,https://gitlab.com/gitlab-org/gitlab/-/issues/347956
278964,https://gitlab.com/gitlab-org/gitlab,358064,106199906,[Test] ee/browser_ui/4_verify/multi-project_pipelines_spec.rb | Verify Multi-project pipelines creates a multi-project pipeline with artifact download,opened,2022-04-06T18:56:02.419Z,2026-04-16T03:01:26.639Z,,"Category:Continuous Integration, E2E, Enterprise Edition, Quality [DEPRECATED], Track Health Status [DEPRECATED], auto updated, canary::passed, devops::verify, gitlab::passed, group::pipeline execution, main::passed, master::passed, nightly::passed, preprod::passed, production::passed, release::passed, section::ci, staging-canary::passed, staging::passed, status::automated, suppress-contributor-links",Backlog,490705.0,,,0,0,,https://gitlab.com/gitlab-org/gitlab/-/issues/358064
278964,https://gitlab.com/gitlab-org/gitlab,347958,98780293,[Test] ee/api/2_plan/epics_milestone_dates_spec.rb | Plan Epics milestone dates API updates epic dates when updating milestones,opened,2021-12-09T21:31:51.805Z,2026-04-16T03:01:23.319Z,,"E2E, Enterprise Edition, Quality [DEPRECATED], canary::passed, devops::plan, gitlab::passed, main::passed, master::passed, nightly::passed, preprod::passed, production::passed, section::dev, staging-canary::passed, staging-orchestrated::passed, staging-ref::passed, staging::passed, status::automated, suppress-contributor-links",,,,,0,0,,https://gitlab.com/gitlab-org/gitlab/-/issues/347958
278964,https://gitlab.com/gitlab-org/gitlab,347688,98772693,[Test] browser_ui/10_software_supply_chain_security/project/project_access_token_spec.rb | Software Supply Chain Security Project access tokens can be created and revoked via the UI,opened,2021-12-09T18:04:13.101Z,2026-04-16T03:01:20.700Z,,"E2E, Quality [DEPRECATED], canary::passed, devops::foundations, gitlab::passed, main::passed, master::passed, nightly::passed, preprod::passed, production::passed, release::passed, section::foundations, staging-canary::passed, staging-orchestrated::passed, staging-ref::passed, staging::passed, status::automated, suppress-contributor-links",,,,,0,0,,https://gitlab.com/gitlab-org/gitlab/-/issues/347688
278964,https://gitlab.com/gitlab-org/gitlab,347955,98780290,[Test] ee/api/2_plan/epics_milestone_dates_spec.rb | Plan Epics milestone dates API updates epic dates when adding another issue,opened,2021-12-09T21:31:46.801Z,2026-04-16T03:01:18.337Z,,"E2E, Enterprise Edition, Quality [DEPRECATED], canary::passed, devops::plan, gitlab::passed, main::passed, master::passed, nightly::passed, preprod::passed, production::passed, release::passed, section::dev, staging-canary::passed, staging-orchestrated::passed, staging-ref::passed, staging::passed, status::automated, suppress-contributor-links",,,,,0,0,,https://gitlab.com/gitlab-org/gitlab/-/issues/347955
278964,https://gitlab.com/gitlab-org/gitlab,347876,98779876,[Test] browser_ui/9_tenant_scale/project/create_project_spec.rb | Tenant Scale Project in group behaves like successful project creation creates a new project,opened,2021-12-09T21:20:13.150Z,2026-04-16T03:01:16.698Z,,"E2E, Quality [DEPRECATED], canary::passed, department::infrastructure platforms, devops::tenant scale, gitlab::passed, group::organizations, main::passed, master::passed, nightly::passed, preprod::passed, production::passed, release::passed, rspec-shared-examples, section::tenant scale, staging-canary::passed, staging-orchestrated::passed, staging-ref::passed, staging::passed, status::automated, suppress-contributor-links, type::maintenance",,,,,0,0,,https://gitlab.com/gitlab-org/gitlab/-/issues/347876
278964,https://gitlab.com/gitlab-org/gitlab,347957,98780292,[Test] ee/api/2_plan/epics_milestone_dates_spec.rb | Plan Epics milestone dates API updates epic dates when removing issue,opened,2021-12-09T21:31:50.125Z,2026-04-16T03:01:13.239Z,,"E2E, Enterprise Edition, Quality [DEPRECATED], canary::passed, devops::plan, gitlab::passed, main::passed, master::passed, nightly::passed, preprod::passed, production::passed, release::passed, section::dev, staging-canary::passed, staging-orchestrated::passed, staging-ref::passed, staging::passed, status::automated, suppress-contributor-links",,,,,0,0,,https://gitlab.com/gitlab-org/gitlab/-/issues/347957
278964,https://gitlab.com/gitlab-org/gitlab,358199,106275131,[Test] browser_ui/4_verify/ci_variable/ui_variable_non_inheritable_when_forward_pipeline_variables_false_spec.rb | Verify UI defined variable is not inheritable when forward:pipeline_variables is false,opened,2022-04-07T19:39:38.633Z,2026-04-16T03:01:09.279Z,,"Category:Pipeline Composition, E2E, Quality [DEPRECATED], auto updated, canary::passed, devops::verify, gitlab::passed, group::pipeline authoring, main::passed, master::passed, nightly::passed, production::passed, section::ci, staging-canary::passed, staging::passed, status::automated, suppress-contributor-links",,,,,0,0,,https://gitlab.com/gitlab-org/gitlab/-/issues/358199
278964,https://gitlab.com/gitlab-org/gitlab,565069,172407441,[Test] browser_ui/5_package/package_registry/pypi_repository_spec.rb | Package PyPI Repository when at the project level publishes and installs a pypi package,opened,2025-08-25T20:02:23.542Z,2026-04-16T03:01:05.556Z,,"E2E, master::passed, production::passed, staging-canary::passed, staging::passed, status::automated, suppress-contributor-links",,,,,0,0,,https://gitlab.com/gitlab-org/gitlab/-/issues/565069
278964,https://gitlab.com/gitlab-org/gitlab,358200,106275184,[Test] browser_ui/4_verify/ci_variable/ui_variable_non_inheritable_when_forward_pipeline_variables_false_spec.rb | Verify UI defined variable is not inheritable by default,opened,2022-04-07T19:41:46.020Z,2026-04-16T03:01:04.451Z,,"Category:Pipeline Composition, E2E, Quality [DEPRECATED], auto updated, canary::passed, devops::verify, gitlab::passed, group::pipeline authoring, main::passed, master::passed, nightly::passed, production::passed, section::ci, staging-canary::passed, staging::passed, status::automated, suppress-contributor-links",,,,,0,0,,https://gitlab.com/gitlab-org/gitlab/-/issues/358200
278964,https://gitlab.com/gitlab-org/gitlab,347817,98778403,"[Test] browser_ui/3_create/snippet/add_comment_to_snippet_spec.rb | Create Adding comments to project snippets adds, edits, and deletes a comment on a project snippet",opened,2021-12-09T20:43:16.540Z,2026-04-16T03:01:00.284Z,,"E2E, Quality [DEPRECATED], canary::passed, devops::create, gitlab::passed, main::passed, master::passed, nightly::passed, preprod::passed, production::passed, rspec-shared-examples, section::dev, staging-canary::passed, staging-orchestrated::passed, staging-ref::passed, staging::passed, status::automated, suppress-contributor-links",,,,,0,0,,https://gitlab.com/gitlab-org/gitlab/-/issues/347817
278964,https://gitlab.com/gitlab-org/gitlab,347970,98780328,[Test] ee/browser_ui/2_plan/epic/promote_issue_to_epic_spec.rb | Plan promote issue to epic promotes issue to epic,opened,2021-12-09T21:32:11.833Z,2026-04-16T03:00:56.620Z,,"E2E, Enterprise Edition, Quality [DEPRECATED], canary::passed, devops::plan, gitlab::passed, main::passed, master::passed, nightly::passed, preprod::passed, production::passed, release::passed, section::dev, staging-canary::passed, staging-orchestrated::passed, staging-ref::passed, staging::passed, status::automated, suppress-contributor-links",,,,,0,0,,https://gitlab.com/gitlab-org/gitlab/-/issues/347970
278964,https://gitlab.com/gitlab-org/gitlab,347947,98780261,[Test] api/2_plan/closes_issue_via_pushing_a_commit_spec.rb | Plan Issue closes via pushing a commit,opened,2021-12-09T21:31:32.621Z,2026-04-16T03:00:54.889Z,,"E2E, Quality [DEPRECATED], canary::passed, devops::plan, gitlab::passed, main::passed, master::passed, nightly::passed, preprod::passed, production::passed, section::dev, staging-canary::passed, staging-orchestrated::passed, staging-ref::passed, staging::passed, status::automated, suppress-contributor-links",,,,,0,0,,https://gitlab.com/gitlab-org/gitlab/-/issues/347947
278964,https://gitlab.com/gitlab-org/gitlab,347656,98772632,[Test] ee/browser_ui/3_create/repository/group_file_template_spec.rb | Create Group file templates creates file via custom Dockerfile file template,opened,2021-12-09T18:03:10.646Z,2026-04-16T03:00:51.422Z,,"E2E, Enterprise Edition, Quality [DEPRECATED], devops::create, gitlab::passed, main::passed, master::passed, nightly::passed, section::dev, staging-canary::passed, staging-orchestrated::passed, staging-ref::passed, staging::passed, status::automated, suppress-contributor-links",,,,,0,0,,https://gitlab.com/gitlab-org/gitlab/-/issues/347656
278964,https://gitlab.com/gitlab-org/gitlab,347985,98780353,[Test] browser_ui/2_plan/issue/collapse_comments_in_discussions_spec.rb | Plan collapse comments in issue discussions collapses and expands reply for comments in an issue,opened,2021-12-09T21:32:36.945Z,2026-04-16T03:00:50.415Z,,"E2E, Quality [DEPRECATED], canary::passed, devops::plan, gitlab::passed, main::passed, master::passed, nightly::passed, preprod::passed, production::passed, release::passed, section::dev, staging-canary::passed, staging-orchestrated::passed, staging-ref::passed, staging::passed, status::automated, suppress-contributor-links",,,,,0,0,,https://gitlab.com/gitlab-org/gitlab/-/issues/347985
278964,https://gitlab.com/gitlab-org/gitlab,347710,98778206,[Test] browser_ui/3_create/merge_request/cherry_pick/cherry_pick_commit_spec.rb | Create Cherry picking a commit creates a merge request,opened,2021-12-09T20:40:17.032Z,2026-04-16T03:00:47.320Z,,"E2E, Quality [DEPRECATED], canary::passed, devops::create, gitlab::passed, main::passed, master::passed, nightly::passed, preprod::passed, production::passed, release::passed, section::dev, staging-canary::passed, staging-orchestrated::passed, staging-ref::passed, staging::passed, status::automated, suppress-contributor-links",,,,,0,0,,https://gitlab.com/gitlab-org/gitlab/-/issues/347710
278964,https://gitlab.com/gitlab-org/gitlab,367064,111249446,[Test] api/10_software_supply_chain_security/group_access_token_spec.rb | Software Supply Chain Security Group access token can be used to create a file via the project API,opened,2022-07-06T11:29:03.709Z,2026-04-16T03:00:46.557Z,,"Category:System Access, E2E, Quality [DEPRECATED], auto updated, canary::passed, devops::software supply chain security, gitlab::passed, group::authentication, main::passed, master::passed, nightly::passed, preprod::passed, production::passed, release::passed, section::sec, staging-canary::passed, staging::passed, status::automated, suppress-contributor-links",,,,,0,0,,https://gitlab.com/gitlab-org/gitlab/-/issues/367064
278964,https://gitlab.com/gitlab-org/gitlab,367067,111249589,[Test] api/10_software_supply_chain_security/group_access_token_spec.rb | Software Supply Chain Security Group access token can be used to commit via the API,opened,2022-07-06T11:31:11.275Z,2026-04-16T03:00:40.323Z,,"Category:System Access, E2E, Quality [DEPRECATED], auto updated, canary::passed, devops::software supply chain security, gitlab::passed, group::authentication, main::passed, master::passed, nightly::passed, preprod::passed, production::passed, release::passed, section::sec, staging-canary::passed, staging::passed, status::automated, suppress-contributor-links",,,,,0,0,,https://gitlab.com/gitlab-org/gitlab/-/issues/367067
278964,https://gitlab.com/gitlab-org/gitlab,347741,98778254,[Test] browser_ui/3_create/repository/push_mirroring_over_http_spec.rb | Create Push mirror a repository over HTTP configures and syncs a (push) mirrored repository,opened,2021-12-09T20:41:09.794Z,2026-04-16T03:00:39.010Z,,"E2E, Quality [DEPRECATED], canary::passed, devops::create, gitlab::passed, main::passed, master::passed, nightly::passed, preprod::passed, production::passed, quarantine, quarantine::investigating, section::dev, staging-canary::passed, staging-orchestrated::passed, staging-ref::passed, staging::passed, status::automated, suppress-contributor-links, type::maintenance",,,,,0,0,,https://gitlab.com/gitlab-org/gitlab/-/issues/347741
278964,https://gitlab.com/gitlab-org/gitlab,347999,98780502,[Test] api/4_verify/cancel_pipeline_when_block_user_spec.rb | Verify When user is blocked pipeline schedule is canceled,opened,2021-12-09T21:37:13.008Z,2026-04-16T03:00:37.768Z,,"Category:Continuous Integration, E2E, Quality [DEPRECATED], Track Health Status [DEPRECATED], devops::verify, gitlab::passed, group::pipeline execution, main::passed, master::passed, nightly::passed, section::ci, staging-canary::passed, staging-orchestrated::passed, staging-ref::passed, staging::passed, status::automated, suppress-contributor-links",Backlog,490705.0,,,0,0,,https://gitlab.com/gitlab-org/gitlab/-/issues/347999
278964,https://gitlab.com/gitlab-org/gitlab,595721,187616314,Zero Downtime Upgrade (ZDU) support for GitLab Secrets Manager,opened,2026-04-03T04:15:39.913Z,2026-04-16T02:59:57.839Z,,"GitLab Secrets Manager::GA, OpenBao, backend, devops::software supply chain security, documentation, group::pipeline security, section::sec, type::feature",Backlog,490705.0,,,0,0,,https://gitlab.com/gitlab-org/gitlab/-/work_items/595721
278964,https://gitlab.com/gitlab-org/gitlab,416723,130079062,[Test] ee/browser_ui/2_plan/analytics/mr_analytics_spec.rb | Plan Merge Request Analytics shows merge request analytics chart and stats,opened,2023-06-30T09:28:20.056Z,2026-04-16T02:58:42.621Z,,"E2E, Enterprise Edition, Quality [DEPRECATED], canary::failed, devops::analytics, group::optimize, main::passed, master::passed, section::analytics, staging-canary::passed, staging::passed, status::automated, suppress-contributor-links",,,,,0,0,,https://gitlab.com/gitlab-org/gitlab/-/issues/416723
278964,https://gitlab.com/gitlab-org/gitlab,347589,98772465,[Test] ee/browser_ui/18_security_risk_management/security_policies_spec.rb | Security Risk Management Security policies can load Policies page and view the policies list,opened,2021-12-09T18:00:59.815Z,2026-04-16T02:58:38.129Z,,"Category:Security Policy Management, E2E, Enterprise Edition, Quality [DEPRECATED], canary::passed, devops::security risk management, gitlab::passed, group::security policies, main::passed, master::passed, nightly::passed, preprod::passed, production::passed, release::passed, section::sec, security policy::generic, staging-canary::passed, staging-orchestrated::passed, staging-ref::passed, staging::passed, status::automated, suppress-contributor-links",,,,,0,0,,https://gitlab.com/gitlab-org/gitlab/-/issues/347589
278964,https://gitlab.com/gitlab-org/gitlab,499929,154967959,[Test] ee/browser_ui/18_security_risk_management/security_policies_spec.rb | Security Risk Management Security policies can create a new policy,opened,2024-10-18T21:08:27.472Z,2026-04-16T02:58:32.752Z,,"Category:Security Policy Management, E2E, Enterprise Edition, Quality [DEPRECATED], canary::passed, devops::security risk management, group::security policies, main::passed, master::passed, production::passed, release::passed, section::sec, security policy::generic, staging-canary::passed, staging::passed, status::automated, suppress-contributor-links",,,,,0,0,,https://gitlab.com/gitlab-org/gitlab/-/issues/499929
278964,https://gitlab.com/gitlab-org/gitlab,347611,98772529,[Test] ee/browser_ui/18_security_risk_management/security_policies_spec.rb | Security Risk Management Security policies can navigate to Policy Editor page,opened,2021-12-09T18:01:44.762Z,2026-04-16T02:58:29.281Z,,"Category:Security Policy Management, E2E, Enterprise Edition, Quality [DEPRECATED], canary::passed, devops::security risk management, gitlab::passed, group::security policies, main::passed, master::passed, nightly::passed, preprod::passed, production::passed, release::passed, section::sec, security policy::generic, staging-canary::passed, staging-orchestrated::passed, staging-ref::passed, staging::passed, status::automated, suppress-contributor-links",,,,,0,0,,https://gitlab.com/gitlab-org/gitlab/-/issues/347611
278964,https://gitlab.com/gitlab-org/gitlab,571639,173803290,"[Test] browser_ui/3_create/repository/branch_with_unusual_name_spec.rb | Create Branch with unusual name when branch name contains slash, hash, double dash, and capital letter renders repository file tree correctly",opened,2025-09-22T22:05:31.733Z,2026-04-16T02:58:25.980Z,,"E2E, master::passed, production::passed, staging-canary::passed, staging::passed, status::automated, suppress-contributor-links",,,,,0,0,,https://gitlab.com/gitlab-org/gitlab/-/issues/571639
278964,https://gitlab.com/gitlab-org/gitlab,347880,98779893,[Test] browser_ui/10_software_supply_chain_security/login/log_in_spec.rb | Software Supply Chain Security basic user login user logs in using basic credentials and logs out,opened,2021-12-09T21:20:20.000Z,2026-04-16T02:58:18.002Z,,"E2E, Quality [DEPRECATED], canary::passed, devops::foundations, gitlab::passed, main::passed, master::passed, nightly::passed, preprod::passed, production::passed, release::passed, section::foundations, staging-canary::passed, staging-orchestrated::passed, staging-ref::passed, staging::passed, status::automated, suppress-contributor-links",,,,,0,0,,https://gitlab.com/gitlab-org/gitlab/-/issues/347880
278964,https://gitlab.com/gitlab-org/gitlab,347742,98778255,[Test] browser_ui/3_create/merge_request/view_merge_request_diff_patch_spec.rb | Create Download merge request patch and diff views the merge request patches,opened,2021-12-09T20:41:11.572Z,2026-04-16T02:58:13.301Z,,"Category:Source Code Management, E2E, Quality [DEPRECATED], canary::failed, devops::create, gitlab::passed, group::code review, main::passed, master::passed, nightly::passed, preprod::passed, production::failed, section::dev, staging-canary::passed, staging-orchestrated::passed, staging-ref::passed, staging::passed, status::automated, suppress-contributor-links, test-pyramid::migration candidate, type::maintenance",,,,,0,0,,https://gitlab.com/gitlab-org/gitlab/-/issues/347742
278964,https://gitlab.com/gitlab-org/gitlab,347743,98778256,[Test] browser_ui/3_create/merge_request/view_merge_request_diff_patch_spec.rb | Create Download merge request patch and diff views the merge request plain diff,opened,2021-12-09T20:41:13.265Z,2026-04-16T02:58:05.575Z,,"Category:Source Code Management, E2E, Quality [DEPRECATED], canary::failed, devops::create, gitlab::passed, group::code review, main::passed, master::passed, nightly::passed, preprod::passed, production::failed, section::dev, staging-canary::passed, staging-orchestrated::passed, staging-ref::passed, staging::passed, status::automated, suppress-contributor-links, test-pyramid::migration candidate, type::maintenance",,,,,0,0,,https://gitlab.com/gitlab-org/gitlab/-/issues/347743
278964,https://gitlab.com/gitlab-org/gitlab,347776,98778328,[Test] ee/browser_ui/3_create/repository/assign_code_owners_spec.rb | Create Codeowners merge request assigns code owners as approvers,opened,2021-12-09T20:42:09.726Z,2026-04-16T02:57:55.706Z,,"E2E, Enterprise Edition, Quality [DEPRECATED], canary::passed, devops::create, gitlab::passed, main::passed, master::passed, nightly::passed, preprod::passed, production::failed, section::dev, staging-canary::passed, staging-orchestrated::passed, staging-ref::passed, staging::passed, status::automated, suppress-contributor-links",,,,,0,0,,https://gitlab.com/gitlab-org/gitlab/-/issues/347776
278964,https://gitlab.com/gitlab-org/gitlab,347858,98779824,[Test] api/10_software_supply_chain_security/project_access_token_spec.rb | Software Supply Chain Security Project access token for the same project can be used to create a file via the project API,opened,2021-12-09T21:19:40.904Z,2026-04-16T02:57:50.330Z,,"E2E, Quality [DEPRECATED], canary::passed, devops::foundations, gitlab::passed, main::passed, master::passed, nightly::passed, preprod::passed, production::passed, release::passed, section::foundations, staging-canary::passed, staging-orchestrated::passed, staging-ref::passed, staging::passed, status::automated, suppress-contributor-links",,,,,0,0,,https://gitlab.com/gitlab-org/gitlab/-/issues/347858
278964,https://gitlab.com/gitlab-org/gitlab,347859,98779825,[Test] api/10_software_supply_chain_security/project_access_token_spec.rb | Software Supply Chain Security Project access token for the same project can be used to commit via the API,opened,2021-12-09T21:19:43.909Z,2026-04-16T02:57:47.162Z,,"E2E, Quality [DEPRECATED], canary::passed, devops::foundations, gitlab::passed, main::passed, master::passed, nightly::passed, preprod::passed, production::passed, release::passed, section::foundations, staging-canary::passed, staging-orchestrated::passed, staging-ref::passed, staging::passed, status::automated, suppress-contributor-links",,,,,0,0,,https://gitlab.com/gitlab-org/gitlab/-/issues/347859
278964,https://gitlab.com/gitlab-org/gitlab,347861,98779827,[Test] api/10_software_supply_chain_security/project_access_token_spec.rb | Software Supply Chain Security Project access token for a different project cannot be used to commit via the API,opened,2021-12-09T21:19:47.382Z,2026-04-16T02:57:43.099Z,,"E2E, Quality [DEPRECATED], canary::passed, devops::foundations, gitlab::passed, main::passed, master::passed, nightly::passed, preprod::passed, production::passed, release::passed, section::foundations, staging-canary::passed, staging-orchestrated::passed, staging-ref::passed, staging::passed, status::automated, suppress-contributor-links",,,,,0,0,,https://gitlab.com/gitlab-org/gitlab/-/issues/347861
278964,https://gitlab.com/gitlab-org/gitlab,347860,98779826,[Test] api/10_software_supply_chain_security/project_access_token_spec.rb | Software Supply Chain Security Project access token for a different project cannot be used to create a file via the project API,opened,2021-12-09T21:19:45.692Z,2026-04-16T02:57:37.295Z,,"E2E, Quality [DEPRECATED], canary::passed, devops::foundations, gitlab::passed, main::passed, master::passed, nightly::passed, preprod::passed, production::passed, release::passed, section::foundations, staging-canary::passed, staging-orchestrated::passed, staging-ref::passed, staging::passed, status::automated, suppress-contributor-links",,,,,0,0,,https://gitlab.com/gitlab-org/gitlab/-/issues/347860
278964,https://gitlab.com/gitlab-org/gitlab,397587,125510809,[Test] browser_ui/3_create/repository/add_new_branch_rule_spec.rb | Create Branch Rules Overview adds a new branch rule,opened,2023-03-19T20:02:22.508Z,2026-04-16T02:57:32.467Z,,"Category:Source Code Management, E2E, QA [DEPRECATED], Quality [DEPRECATED], canary::passed, devops::create, group::source code, main::passed, master::passed, nightly::passed, production::passed, section::dev, staging-canary::passed, staging::passed, status::automated, suppress-contributor-links, test, test-pyramid::migration candidate, type::maintenance",,,,,0,0,,https://gitlab.com/gitlab-org/gitlab/-/issues/397587
278964,https://gitlab.com/gitlab-org/gitlab,565996,172514214,[Test] browser_ui/4_verify/runner/fleet_visibility/group_runner_counts_spec.rb | Verify Runner fleet management shows group runner counts,opened,2025-08-27T21:23:37.220Z,2026-04-16T02:57:28.672Z,,"E2E, canary::passed, master::passed, production::passed, release::passed, staging-canary::passed, staging::passed, status::automated, suppress-contributor-links",,,,,0,0,,https://gitlab.com/gitlab-org/gitlab/-/issues/565996
278964,https://gitlab.com/gitlab-org/gitlab,348000,98780503,[Test] browser_ui/4_verify/pipeline/trigger_matrix_spec.rb | Verify Trigger matrix creates 2 trigger jobs and passes corresponding matrix variables,opened,2021-12-09T21:37:14.669Z,2026-04-16T02:57:24.843Z,,"Category:Pipeline Composition, E2E, Quality [DEPRECATED], canary::passed, devops::verify, gitlab::passed, group::pipeline authoring, main::passed, master::passed, nightly::passed, preprod::failed, production::passed, release::passed, section::ci, staging-canary::passed, staging-orchestrated::passed, staging-ref::failed, staging::passed, status::automated, suppress-contributor-links, type::ignore",,,,,0,0,,https://gitlab.com/gitlab-org/gitlab/-/issues/348000
278964,https://gitlab.com/gitlab-org/gitlab,347748,98778263,[Test] api/3_create/repository/project_archive_compare_spec.rb | Create Compare archives of different user projects with the same name and check they're different download archives of each user project then check they are different,opened,2021-12-09T20:41:23.258Z,2026-04-16T02:57:17.878Z,,"E2E, Quality [DEPRECATED], canary::passed, devops::create, gitlab::passed, main::passed, master::passed, nightly::passed, preprod::failed, production::failed, release::passed, section::dev, staging-canary::passed, staging-orchestrated::passed, staging-ref::passed, staging::passed, status::automated, suppress-contributor-links",,,,,0,0,,https://gitlab.com/gitlab-org/gitlab/-/issues/347748
278964,https://gitlab.com/gitlab-org/gitlab,14572,24330225,Emojis in issue title are not rendered in issues list :cry: :cry:,opened,2016-06-22T11:20:55.498Z,2026-04-16T02:49:58.954Z,,"Community Interest, Community contribution, Customer Interest, backlog::prospective, banzai, bug::performance, community-bonus::200, customer, devops::plan, emoji, group::product planning, issues, priority::4, section::dev, severity::4, support_backlog::done, type::bug",18.6,5948917.0,MatthewOscar,1.0,0,0,,https://gitlab.com/gitlab-org/gitlab/-/work_items/14572
278964,https://gitlab.com/gitlab-org/gitlab,596839,188410704,Backend: Block GraphQL write operations on secrets when group or project is inactive,opened,2026-04-15T17:26:28.346Z,2026-04-16T02:47:48.669Z,,"Category:Secrets Management, backend, devops::software supply chain security, group::pipeline security, section::sec, type::bug, workflow::refinement",,,dbiryukov,,0,0,,https://gitlab.com/gitlab-org/gitlab/-/work_items/596839
278964,https://gitlab.com/gitlab-org/gitlab,594454,186786881,Reduce ExpirePipelineCacheService load on the database by fixing unnecessary cache invalidations,opened,2026-03-23T13:33:18.649Z,2026-04-16T02:47:28.279Z,,"Category:Continuous Integration, Category:Fleet Visibility, RP::Pipelines, automation:ml, backend, corrective action, devops::verify, group::ci platform, maintenance::performance, section::ci, severity::2, type::maintenance, workflow::verification",,,lma-git,2.0,0,0,,https://gitlab.com/gitlab-org/gitlab/-/work_items/594454
278964,https://gitlab.com/gitlab-org/gitlab,595988,187911257,Update Project Monitor Navigation Sidebar Links,opened,2026-04-08T03:04:18.275Z,2026-04-16T02:43:36.754Z,,"EmbodyTeam::InProgress, automation:ml, backend, frontend, group::embody, type::feature",19.0,5981229.0,"dakotadux, reneehendricksen",,0,0,,https://gitlab.com/gitlab-org/gitlab/-/work_items/595988
278964,https://gitlab.com/gitlab-org/gitlab,596240,188046743,GeoNode callbacks can incorrectly invalidate the Geo caches,opened,2026-04-09T19:31:22.073Z,2026-04-16T02:38:07.867Z,,"devops::tenant scale, group::geo, section::tenant scale, type::bug, workflow::validation backlog",,,,,0,0,,https://gitlab.com/gitlab-org/gitlab/-/work_items/596240
278964,https://gitlab.com/gitlab-org/gitlab,346362,97810510,"Add ""Most Relevant"" sort to container repository tags",opened,2021-11-23T13:40:31.251Z,2026-04-16T02:31:39.164Z,,"#field-fyi, Category:Container Registry, Community Interest, GraphQL, Package:P1, [deprecated] Accepting merge requests, backend, backend-weight::2, backlog::prospective, co-create, community-bonus::300, devops::package, direction, frontend, frontend-weight::1, group::container registry, quad-planning::complete-no-action, rails, section::ci, type::feature, workflow::ready for development",Backlog,490705.0,crenz,3.0,0,0,,https://gitlab.com/gitlab-org/gitlab/-/work_items/346362
278964,https://gitlab.com/gitlab-org/gitlab,596848,188413063,Deprecate and remove shared token authentication for webhooks,opened,2026-04-15T18:29:35.547Z,2026-04-16T02:30:44.946Z,,"Category:Importers, Category:Webhooks, backend, backlog::no-commitment, breaking change, devops::create, group::import, section::dev, type::maintenance, workflow::problem validation",Backlog,490705.0,,,0,0,,https://gitlab.com/gitlab-org/gitlab/-/work_items/596848
278964,https://gitlab.com/gitlab-org/gitlab,588994,182583137,Audit Log Event for Unseen IP Address User Authentications,opened,2026-02-06T08:23:02.085Z,2026-04-16T02:29:39.477Z,,"GitLab Free, GitLab Premium, GitLab Ultimate, SIRTRec::Detection, devops::software supply chain security, documentation, feature::addition, group, group::authentication, section::sec, type::feature",,,nmcd,,0,0,,https://gitlab.com/gitlab-org/gitlab/-/work_items/588994
278964,https://gitlab.com/gitlab-org/gitlab,594303,186598605,[SPIKE] Explore extending License Approval Policies with license override mappings for unknown licenses,opened,2026-03-20T16:07:45.903Z,2026-04-16T02:27:37.647Z,,"Category:Security Policy Management, automation:ml, devops::security risk management, group::security policies, missed:18.11, section::sec, security policy::merge request approval policy, type::feature",19.0,5981229.0,alan,,0,0,,https://gitlab.com/gitlab-org/gitlab/-/work_items/594303
278964,https://gitlab.com/gitlab-org/gitlab,419942,131403655,Validate and document keyless signing with self-hosted GitLab/Sigstore,opened,2023-07-27T13:55:01.240Z,2026-04-16T02:16:22.100Z,,"Customer Interest, SLSA, Technical Writing, backend, backlog::prospective, customer, devops::software supply chain security, docs-weight::5, documentation, feature::enhancement, group::pipeline security, missed:16.3, section::sec, support_backlog::done, tw::triaged, type::feature, workflow::blocked",Backlog,490705.0,,,0,0,,https://gitlab.com/gitlab-org/gitlab/-/work_items/419942
278964,https://gitlab.com/gitlab-org/gitlab,596856,188418226,Step 1: Add NOT NULL constraint on partition_id for vulnerability_identifiers,opened,2026-04-15T20:32:40.963Z,2026-04-16T02:15:16.204Z,,"automation:ml, backend, database, devops::security risk management, group::security infrastructure, section::sec, type::maintenance, workflow::in review",,,Quintasan,,0,0,,https://gitlab.com/gitlab-org/gitlab/-/work_items/596856
278964,https://gitlab.com/gitlab-org/gitlab,592972,185918830,MVC Part 2: Session Debugging & Troubleshooting - UX Optimization,opened,2026-03-10T17:52:08.074Z,2026-04-16T02:11:28.217Z,,"Category:Duo Agent Platform, Deliverable, FY27-Q1, UX, automation:ml, backend, design, devops::ai-powered, feature::enhancement, frontend, group::agent foundations, missed-deliverable, missed:18.11, pmm-ai-whats-shipping, section::ai, type::feature, workflow::ready for development",19.0,5981229.0,lindsey-shelton,,0,0,,https://gitlab.com/gitlab-org/gitlab/-/work_items/592972
278964,https://gitlab.com/gitlab-org/gitlab,594424,186771171,Notify user via email when flow is waiting on human approval,opened,2026-03-23T08:53:52.995Z,2026-04-16T02:11:17.135Z,,"Category:Duo Agent Platform, Deliverable, devops::ai-powered, group::agent foundations, missed:18.11, section::ai, type::feature, workflow::ready for development",19.0,5981229.0,ssuman3,,0,0,,https://gitlab.com/gitlab-org/gitlab/-/work_items/594424
278964,https://gitlab.com/gitlab-org/gitlab,333611,88705255,Add Geo support for Packages::Debian::ProjectComponentFile,opened,2021-06-14T22:51:50.244Z,2026-04-16T02:11:13.676Z,,"Category:Disaster Recovery, Category:Package Registry, Deliverable, Enterprise Edition, GitLab Premium, GitLab Ultimate, Package:P1, Protocells::Data Migration, backlog::prospective, data loss, devops::package, feature::addition, group::package registry, missed:18.10, missed:18.11, platform: GitLab.com, platform: dedicated, platform: self-managed, section::ci, type::feature, workflow::validation backlog",19.0,5981229.0,cwoolley-gitlab,,0,0,,https://gitlab.com/gitlab-org/gitlab/-/work_items/333611
278964,https://gitlab.com/gitlab-org/gitlab,544040,167630665,Deprecate: Dependency proxy for packages (Maven),opened,2025-05-20T19:24:06.428Z,2026-04-16T02:11:13.080Z,,"Category:Package Registry, Deliverable, GitLab Free, Package:P1, automation:ml, backend, backlog::prospective, deprecation, devops::package, documentation, group::package registry, maintenance::removal, missed:18.10, missed:18.11, missed:18.3, missed:18.4, section::ci, type::maintenance",19.0,5981229.0,trizzi,,0,0,,https://gitlab.com/gitlab-org/gitlab/-/work_items/544040
278964,https://gitlab.com/gitlab-org/gitlab,564803,172346549,[FF] `container_virtual_registries` -- Enable the API for container virtual registry,opened,2025-08-24T18:51:14.321Z,2026-04-16T02:11:12.033Z,,"Category:Virtual Registry, Deliverable, Package:P1, automation:ml, devops::package, feature flag state::enabled, group::container registry, missed:18.10, missed:18.11, section::ci, type::feature",19.0,5981229.0,adie.po,,0,0,,https://gitlab.com/gitlab-org/gitlab/-/work_items/564803
278964,https://gitlab.com/gitlab-org/gitlab,582167,177701228,[FF] `ui_for_container_virtual_registries` -- Allow users access container virtual registry UI,opened,2025-11-26T12:24:33.593Z,2026-04-16T02:11:11.018Z,,"Category:Container Registry, Category:Virtual Registry, Deliverable, Package:P1, automation:ml, devops::package, feature flag, feature flag state::enabled, feature::addition, frontend, group::container registry, missed:18.11, section::ci, type::feature, workflow::in dev",19.0,5981229.0,rchanila,,0,0,,https://gitlab.com/gitlab-org/gitlab/-/work_items/582167
278964,https://gitlab.com/gitlab-org/gitlab,585652,180552916,Unified Artifact Management: UX Vision,opened,2026-01-12T06:51:15.603Z,2026-04-16T02:11:10.485Z,,"Category:Artifact Registry, Category:Package Registry, Deliverable, Package:P1, UX, automation:ml, design-weight::5, devops::package, documentation, feature::addition, group::package registry, section::ci, type::feature, workflow::design",19.0,5981229.0,bonnie-tsang,,0,0,,https://gitlab.com/gitlab-org/gitlab/-/work_items/585652
278964,https://gitlab.com/gitlab-org/gitlab,591324,185002274,Create ADR for authorization,opened,2026-02-24T16:33:50.427Z,2026-04-16T02:11:09.937Z,,"Category:Artifact Registry, Category:Package Registry, Deliverable, Package:P1, analytics instrumentation, automation:ml, backend, devops::package, documentation, feature::addition, group::package registry, missed:18.10, missed:18.11, section::ci, type::feature, workflow::in review",19.0,5981229.0,10io,,0,0,,https://gitlab.com/gitlab-org/gitlab/-/work_items/591324
278964,https://gitlab.com/gitlab-org/gitlab,592132,185485799,Deprecation: Go Module Proxy (Experimental),opened,2026-03-03T23:06:39.810Z,2026-04-16T02:11:09.363Z,,"Category:Package Registry, Deliverable, Package:P1, automation:ml, backend, devops::package, documentation, group::package registry, maintenance::removal, missed:18.10, missed:18.11, section::ci, type::maintenance",19.0,5981229.0,trizzi,,0,0,,https://gitlab.com/gitlab-org/gitlab/-/work_items/592132
278964,https://gitlab.com/gitlab-org/gitlab,592760,185837945,Add package protection rules to the GitLab Terraform provider,opened,2026-03-09T15:10:20.652Z,2026-04-16T02:11:08.883Z,,"Category:Package Registry, Category:Terraform provider, Deliverable, Package:P1, devops::package, group::package registry, section::ci, type::feature",19.0,5981229.0,trizzi,,0,0,,https://gitlab.com/gitlab-org/gitlab/-/work_items/592760
278964,https://gitlab.com/gitlab-org/gitlab,593818,186354067,Artifact Registry UX: Activation flow,opened,2026-03-17T06:15:52.321Z,2026-04-16T02:11:08.372Z,,"Category:Artifact Registry, Deliverable, Package:P1, UX, devops::package, documentation, feature::addition, group::package registry, missed:18.11, section::ci, type::feature",19.0,5981229.0,bonnie-tsang,,0,0,,https://gitlab.com/gitlab-org/gitlab/-/work_items/593818
278964,https://gitlab.com/gitlab-org/gitlab,594425,186771327,Add a todo item in Your work when flow is waiting on human approval,opened,2026-03-23T08:54:54.539Z,2026-04-16T02:11:07.332Z,,"Category:Duo Agent Platform, Deliverable, devops::ai-powered, feature::addition, group::agent foundations, missed:18.11, section::ai, type::feature, workflow::in review",19.0,5981229.0,ssuman3,,0,0,,https://gitlab.com/gitlab-org/gitlab/-/work_items/594425
278964,https://gitlab.com/gitlab-org/gitlab,596622,188302309,Introduce `read_virtual_registry` custom role ability,opened,2026-04-14T10:11:40.477Z,2026-04-16T02:11:05.653Z,,"Category:Virtual Registry, Deliverable, Package:P1, backend, devops::package, group::package registry, section::ci, type::feature, workflow::in review",19.0,5981229.0,mkhalifa3,1.0,0,0,,https://gitlab.com/gitlab-org/gitlab/-/work_items/596622
278964,https://gitlab.com/gitlab-org/gitlab,596770,188388469,Backfill mention trigger for existing Duo Developer installations,opened,2026-04-15T10:10:36.703Z,2026-04-16T02:11:05.184Z,,"Category:Duo Agent Platform, Deliverable, devops::ai-powered, group::agent foundations, section::ai, type::feature",19.0,5981229.0,fdegier,,0,0,,https://gitlab.com/gitlab-org/gitlab/-/work_items/596770
278964,https://gitlab.com/gitlab-org/gitlab,596795,188398118,Add rake task to display Semantic Code Search status,opened,2026-04-15T13:16:54.619Z,2026-04-16T02:11:04.675Z,,"Deliverable, code-search, devops::ai-powered, feature::enhancement, group::global search, section::ai, type::feature, workflow::in dev",19.0,5981229.0,maddievn,2.0,0,0,,https://gitlab.com/gitlab-org/gitlab/-/work_items/596795
278964,https://gitlab.com/gitlab-org/gitlab,596796,188398143,ActiveContext BulkProcessWorker fails to process embeddings when queue_shard_count changes,opened,2026-04-15T13:17:27.996Z,2026-04-16T02:11:03.978Z,,"Deliverable, backend, bug::functional, devops::ai-powered, group::global search, section::ai, type::bug, workflow::in dev",19.0,5981229.0,maddievn,3.0,0,0,,https://gitlab.com/gitlab-org/gitlab/-/work_items/596796
278964,https://gitlab.com/gitlab-org/gitlab,596854,188416276,Follow up on HITL for Sessions to add better loading states/messaging and code cleanup,opened,2026-04-15T19:54:44.925Z,2026-04-16T02:11:02.463Z,,"Category:Duo Agent Platform, Deliverable, devops::ai-powered, group::agent foundations, maintenance::refactor, section::ai, type::maintenance, workflow::ready for development",19.0,5981229.0,lindsey-shelton,,0,0,,https://gitlab.com/gitlab-org/gitlab/-/work_items/596854
278964,https://gitlab.com/gitlab-org/gitlab,347930,98779989,[Test] browser_ui/3_create/repository/protected_tags_spec.rb | Create Repository tags when not protected behaves like successful tag creation can be created by developer_user,opened,2021-12-09T21:24:18.059Z,2026-04-16T02:10:22.294Z,,"E2E, Quality [DEPRECATED], canary::passed, devops::create, gitlab::passed, main::passed, master::passed, nightly::passed, preprod::passed, production::failed, release::passed, rspec-shared-examples, section::dev, staging-canary::passed, staging-orchestrated::passed, staging-ref::passed, staging::passed, status::automated, suppress-contributor-links",,,,,0,0,,https://gitlab.com/gitlab-org/gitlab/-/issues/347930
